CHỈ TIÊU,Q4/2024,Q3/2024,Q2/2024,Q1/2024,Q4/2023,Q3/2023,Q2/2023,Q1/2023,Q4/2022,Q3/2022,Q2/2022,Q1/2022,Q4/2021,Q3/2021,Q2/2021,Q1/2021,Q4/2020,Q3/2020,Q2/2020,Q1/2020,Q4/2019,Q3/2019,Q2/2019,Q1/2019,Q4/2018,Q3/2018,Q2/2018,Q1/2018,Q4/2017,Q3/2017,Q2/2017,Q1/2017,Q4/2016,Q3/2016,Q2/2016,Q1/2016,Q4/2015,Q3/2015,Q2/2015,Q1/2015
Doanh thu thuần,15477073125441,15537337313473,16655787772473,14112411317058,15618710944490,15636987684682,15194824955693,13918391926640,15068654657453,16079491424130,14930275292637,13877825823198,15819036553270,16194052003559,15715806166465,13190270122852,14424794514944,15563157998229,15495233758799,14153099953575,14238961478162,14290900447018,14598960549757,13189300287807,13003707052570,13735260285149,13702480611961,12120502020912,12350368157140,13293077820340,13348261215191,12049368692438,11807610749506,12204689711230,12449130059922,10332908879616,11098562112893,10549326431578,10500110637280,8716035913568
Tăng trưởng doanh thu,-0.0091,-0.0064,0.09609999999999999,0.0139,0.0365,-0.0275,0.0177,0.0029,-0.047400000000000005,-0.0070999999999999995,-0.05,0.0521,0.0967,0.0405,0.014199999999999999,-0.068,0.0131,0.08900000000000001,0.061399999999999996,0.0731,0.095,0.0405,0.0654,0.0882,0.0529,0.0333,0.0265,0.0059,0.046,0.0892,0.0722,0.1661,0.0639,0.15689999999999998,0.1856,0.1855,0.1889,0.2082,0.1373,0.1352
Lợi nhuận gộp,6209690644985,6401445454290,7067518779284,5911521444565,6441612591490,6554900643375,6150192068886,5398026311659,5845588412045,6350179642297,6076659801599,5624803650766,6725316780217,6943747090431,6854357185245,5754880436414,6658173701548,7266743481136,7137894597099,6605811607925,6680302621448,6722965970468,7013945549158,6155002509553,6162585412139,6493516898029,6468610841811,5486693317112,5603872290875,6270299324342,6540841887346,5819131316070,5480295049931,5085428772710,5372695831441,5026711161429,4416387446733,4350059534037,4386995984476,3108971976990
Tăng trưởng lợi nhuận gộp,-0.036000000000000004,-0.023399999999999997,0.1492,0.0951,0.102,0.0322,0.0121,-0.0403,-0.1308,-0.0855,-0.11349999999999999,-0.0226,0.0101,-0.0444,-0.0397,-0.1288,-0.0033,0.0809,0.0177,0.0732,0.084,0.0353,0.0843,0.12179999999999999,0.09970000000000001,0.0356,-0.011000000000000001,-0.0571,0.0225,0.233,0.21739999999999998,0.1576,0.2409,0.16899999999999998,0.22469999999999998,0.6168,0.244,0.4363,0.386,0.21230000000000002
Lợi nhuận thuần từ HĐKD,2581919225696,2970748116715,3325773210703,2715537085273,2725822436482,3086270738943,2776744398740,2314795307642,2229048854727,2888929476609,2600935725205,2772150770559,2639084928848,3507044711060,3510265400228,3071224780055,2698989438731,3755879519012,3721525146405,3362986720268,2673952095282,3265127046928,3516775668232,3341235304930,2637035621507,2953826796158,3172703017968,3112948005119,2084489611040,3228396596983,3443226703496,3470305276126,2145563296248,3048044079391,3373259219955,2593424063941,2228598262186,2554910647754,2621118916415,1872171414488
Tăng trưởng lợi nhuận thuần,-0.0528,-0.0374,0.1977,0.17309999999999998,0.2229,0.0683,0.0676,-0.165,-0.15539999999999998,-0.17620000000000002,-0.259,-0.0974,-0.0222,-0.0663,-0.056799999999999996,-0.0868,0.009399999999999999,0.1503,0.0582,0.006500000000000001,0.013999999999999999,0.1054,0.1084,0.0733,0.2651,-0.085,-0.0786,-0.10300000000000001,-0.0285,0.0592,0.0207,0.3381,-0.0373,0.193,0.287,0.38520000000000004,0.1041,0.5094,0.375,0.10679999999999999
Lợi nhuận trước thuế,2643368770905,2941801640478,3308642928230,2705840401722,2852064600379,3075789821151,2727998544003,2312046425953,2295242241834,2859883167326,2576057643749,2764351623836,2688037023963,3586603289912,3493684950239,3153910222805,2671876716607,3777019789971,3711380577468,3358259002978,2649338858483,3253756149711,3549831766256,3342782864107,2680499625011,3033968043856,3160765705183,3176462892073,2085821039955,3223014334435,3444022345991,3476087663755,2204169931367,3044873308173,3362070367159,2626512964197,2285812672463,2553778018374,2622484714956,1905065650592
Tăng trưởng lợi nhuận trước thuế,-0.0732,-0.0436,0.21280000000000002,0.1703,0.2426,0.0755,0.059000000000000004,-0.1636,-0.1461,-0.2026,-0.2627,-0.1235,0.006,-0.0504,-0.0587,-0.0608,0.0085,0.16079999999999997,0.0455,0.0046,-0.0116,0.0724,0.1231,0.0524,0.2851,-0.0587,-0.08220000000000001,-0.0862,-0.0537,0.058499999999999996,0.024399999999999998,0.3235,-0.035699999999999996,0.1923,0.282,0.3787,0.05,0.48210000000000003,0.3312,0.0928
Lợi nhuận sau thuế của Cổ đông công ty mẹ,2123649268482,2403519104884,2670475017284,2194666965600,2326013960066,2492254015001,2198811184561,1856733257236,1869125571613,2298398907051,2082981126147,2265518089530,2196004480636,2925766998017,2834789042592,2575916578653,2185170012447,3077140792284,3071714073426,2764911978211,2201515747637,2690192377294,2898738430907,2790729116151,2299484602646,2560125311355,2666357498655,2701313738808,1744612719962,2693903760050,2922080403930,2935068264904,1828963840162,2548780232660,2815396006252,2157189051310,1896074486906,2135307519344,2185170750754,1556856874239
Tăng trưởng lợi nhuận sau thuế,-0.087,-0.0356,0.2145,0.182,0.2444,0.0843,0.0556,-0.1804,-0.1489,-0.2144,-0.2652,-0.12050000000000001,0.005,-0.0492,-0.0771,-0.0684,-0.0074,0.1438,0.059699999999999996,-0.009300000000000001,-0.0426,0.0508,0.0872,0.0331,0.318,-0.049699999999999994,-0.0875,-0.0796,-0.0461,0.056900000000000006,0.0379,0.36060000000000003,-0.0354,0.1936,0.2884,0.3856,0.0962,0.5515,0.387,0.1222
Tổng tài sản,55049061537061,57677080306452,54193954187994,51653869771730,52673371104460,54967436003598,50968781757650,49264785492099,48482664236220,51199903422164,53842175999663,52995528231171,53332403438219,52067759208240,53046669029192,51051210880651,48432480673629,50396457516921,49596809946225,46073727018989,44699873386034,40101852847756,40186475665451,38305261792855,37366108654179,34026431394368,36183530062338,35328719216070,34667318837497,31595714941194,31955032118295,31068544643384,29378656325464,27656720742141,29798001198779,29068835554512,27478175944352,25958969285317,27223661690599,27003064354813
Tăng trưởng Tổng tài sản,0.0451,0.0493,0.0633,0.048499999999999995,0.0864,0.0736,-0.053399999999999996,-0.0704,-0.0909,-0.0167,0.015,0.0381,0.1012,0.0332,0.0696,0.10800000000000001,0.08349999999999999,0.25670000000000004,0.23420000000000002,0.2028,0.1963,0.17859999999999998,0.1106,0.0843,0.07780000000000001,0.07690000000000001,0.1323,0.1371,0.18,0.1424,0.0724,0.0688,0.0692,0.0654,0.0946,0.0765,0.0663,0.0858,0.147,0.1607
Tài sản ngắn hạn,37553650065098,40582371278735,37332761258942,35013917574413,35935879621477,37680161943052,33403479517290,32394853632375,31560382174201,34373292456500,36871285863860,35452395671778,36109910649785,34446542339559,35042535233833,32834546632146,29665725805058,31541319633765,30073376341979,26461638721175,24721565376552,22146344620561,22089274019449,22040432596172,20559756794837,18360115898846,20818678622022,19974838548267,20307434789529,18889319053176,20677934235834,20171593469610,18673827685789,17322793032464,19513524046623,18004264892914,16731875433624,15029826360314,16603153127894,16640748752812
Tăng trưởng tài sản ngắn hạn,0.045,0.077,0.1176,0.0808,0.1386,0.0962,-0.0941,-0.0862,-0.126,-0.0021,0.052199999999999996,0.0797,0.21719999999999998,0.09210000000000002,0.16519999999999999,0.2408,0.2,0.4242,0.3614,0.2006,0.2024,0.20620000000000002,0.061,0.10339999999999999,0.0124,-0.027999999999999997,0.0068000000000000005,-0.0098,0.0875,0.0904,0.059699999999999996,0.1204,0.1161,0.15259999999999999,0.1753,0.0819,0.0779,0.1734,0.205,0.2266
Tài sản dài hạn,17495411471963,17094709027717,16861192929052,16639952197317,16737491482983,17287274060546,17565302240360,16869931859724,16922282062019,16826610965664,16970890135803,17543132559393,17222492788434,17621216868681,18004133795359,18216664248505,18766754868571,18855137883156,19523433604246,19612088297814,19978308009482,17955508227195,18097201646002,16264829196683,16806351859342,15666315495522,15364851440316,15353880667803,14359884047968,12706395888018,11277097882461,10896951173774,10704828639675,10333927709677,10284477152156,11064570661598,10746300510728,10929142925003,10620508562705,10362315602001
Tăng trưởng tài sản dài hạn,0.0453,-0.0111,-0.0401,-0.013600000000000001,-0.0109,0.0274,0.035,-0.0384,-0.0174,-0.0451,-0.0574,-0.037000000000000005,-0.0823,-0.0654,-0.07780000000000001,-0.0712,-0.060599999999999994,0.0501,0.0788,0.20579999999999998,0.1887,0.1461,0.1778,0.0593,0.1704,0.2329,0.3625,0.409,0.3414,0.2296,0.0965,-0.0151,-0.0039000000000000003,-0.0545,-0.0316,0.0678,0.048600000000000004,-0.015300000000000001,0.0667,0.06849999999999999
Nợ ngắn hạn,18459546837640,22021271584074,15403310205136,15294387986523,17138689974862,20399327964197,13742782382772,14407882880499,15308423081524,16983265249980,16644210900330,17607914154548,17068416995519,17766091926204,18127021271173,16532816332955,14212646285475,18164145581085,16681721259498,13314973420207,14442851833360,11924062277981,10816139387760,8816669411270,10639592009462,7381050047407,8862722162878,8441889289285,10195562827092,7089478813206,6712397749306,5534019542094,6457497982894,6370099514142,6316879862995,5760854047953,6004316835213,6183917147643,5431901592093,5227911279864
Tăng trưởng nợ ngắn hạn,0.0771,0.0795,0.1208,0.061500000000000006,0.11960000000000001,0.2011,-0.1743,-0.18170000000000003,-0.10310000000000001,-0.0441,-0.0818,0.065,0.2009,-0.0219,0.0866,0.24170000000000003,-0.0159,0.5233,0.5423,0.5102,0.3575,0.6154999999999999,0.22039999999999998,0.0444,0.0436,0.041100000000000005,0.3204,0.5255,0.5789,0.11289999999999999,0.0626,-0.0394,0.0755,0.0301,0.1629,0.10189999999999999,0.1011,0.2016,0.1746,0.2915
Vay và nợ thuê tài chính ngắn hạn,9115435107250,8291496866090,7794314406895,6616831614710,8217757172267,6873932117860,6128144184250,6889265980740,4867129839103,9405653167691,9701229190460,10942647333716,9382354118118,9038248667322,9481532928054,9247097278828,7316497078307,6423212089774,6189353009901,6149806942796,5351461260191,4188147842196,3272945064774,2126083288960,1060047652329,956294678845,1797452552318,1560293768812,268102046087,219632623984,108173213914,174251757485,1332666200200,1336465403604,1365531072109,1499433453402,1475358507208,1358733604316,872896438045,922783147378
Tăng trưởng vay và nợ thuê tài chính ngắn hạn,0.1092,0.20620000000000002,0.27190000000000003,-0.0395,0.6884,-0.2692,-0.36829999999999996,-0.3704,-0.48119999999999996,0.0406,0.0232,0.1834,0.2824,0.4071,0.5318999999999999,0.5036,0.36719999999999997,0.5337,0.8911,1.8925999999999998,4.0483,3.3796,0.8209000000000001,0.3626,2.9539,3.3541000000000003,15.6164,7.954199999999999,-0.7988,-0.8356999999999999,-0.9208,-0.8837999999999999,-0.0967,-0.016399999999999998,0.5644,0.6249,0.1531,0.0666,12.0623,4.1718
Nợ dài hạn,415111869758,411532810496,453196649401,491891149713,508937364128,565044030094,565949667885,346676448782,357722799611,372252790415,377445998543,410402534593,413872193316,426749546167,544274607850,554453926269,572712158332,540790459406,559389313551,511989562860,525766348310,337162323893,436616077486,565361558092,455147352790,695172060684,784757986928,595890865416,598698196544,477619358810,489515870457,515094622289,515209053985,531807386129,533779982227,435045952349,549943361554,558262473836,519478135082,513702917767
Tăng trưởng Nợ dài hạn,-0.1844,-0.2717,-0.19920000000000002,0.4189,0.4227,0.5179,0.49939999999999996,-0.1553,-0.13570000000000002,-0.1277,-0.3065,-0.25980000000000003,-0.2773,-0.2109,-0.027000000000000003,0.08289999999999999,0.08929999999999999,0.6039,0.2812,-0.0944,0.1552,-0.515,-0.4436,-0.0512,-0.2398,0.45549999999999996,0.6031,0.15689999999999998,0.162,-0.10189999999999999,-0.08289999999999999,0.184,-0.0632,-0.047400000000000005,0.0275,-0.1531,0.0645,0.0812,0.049699999999999994,0.444
Vốn chủ sở hữu,36174402829663,35244275911882,38337447333457,35867590635494,35025743765470,34003064009307,36660049706993,34510226162818,32816518355085,33844385381769,36820519100790,34977211542030,35850114249384,33874917735869,34375373150169,33963940621427,33647122229822,31691521476430,32355699373176,32246764035922,29731255204364,27840628245882,28933720200205,28923230823493,26271369291927,25950209286277,26536049912532,26290939061369,23873057813861,24028616769178,24753118498532,25019430479001,22405949288585,20754813841870,22947341353557,22872935554210,20923915747585,19216789663838,21272281963424,21261450157182
Tăng trưởng vốn chủ sở hữu,0.032799999999999996,0.0365,0.0458,0.0393,0.0673,0.004699999999999999,-0.0044,-0.0134,-0.08460000000000001,-0.0009,0.0711,0.0298,0.0655,0.0689,0.062400000000000004,0.0533,0.1317,0.1383,0.1183,0.1149,0.1317,0.0728,0.0904,0.1001,0.1005,0.08,0.07200000000000001,0.0508,0.0655,0.1577,0.0787,0.09380000000000001,0.0708,0.08,0.0787,0.0758,0.0632,0.0604,0.1466,0.1311
Vốn góp cổ phần,20899554450000,20899554450000,20899554450000,20899554450000,20899554450000,20899554450000,20899554450000,20899554450000,20899554450000,20899554450000,20899554450000,20899554450000,20899554450000,20899554450000,20899554450000,20899554450000,20899554450000,20899554450000,17416877930000,17416877930000,17416877930000,17416877930000,17416877930000,17416877930000,17416877930000,17416877930000,14514534290000,14514534290000,14514534290000,14514534290000,14514534290000,14514534290000,14514534290000,14514534290000,12006621930000,12006621930000,12006621930000,12006621930000,10006413990000,10006413990000
Tăng trưởng vốn góp cổ phần,,,,,,,,,,,,,,,0.2,0.2,0.2,0.2,,,,,0.2,0.2,0.2,0.2,,,,,0.2089,0.2089,0.2089,0.2089,0.1999,0.1999,0.1999,0.1999,0.1999,0.1999
P/E,14.158593618099397,15.69072905121021,14.974040587401221,16.015322907876392,17.170217952684013,18.934741186782013,17.91632230672001,18.774207121598693,18.434730316715868,16.19834687036397,14.618535036502779,16.072799346189836,17.579104647128403,17.07522105563841,17.585603975101264,20.118611215315156,20.46918977054794,18.909785807576174,18.32880059728172,17.64224454669786,20.2524751910627,20.46916755072563,21.943363412685205,23.241971027018625,22.622007004424333,24.15906506704133,25.961710912972244,29.178451683781883,25.614509456991076,21.482926685944367,21.208153459808663,20.202679564873474,21.423197636048748,22.229654570544437,20.065046136624275,19.761964212792407,19.405263100425447,17.37935195333475,17.15418998517954,17.303638320035233
P/B,4.330328757978323,4.423781713373482,4.330266906446807,4.483635740610275,4.714328958499268,4.658466268167622,4.591035447382873,5.352836620866437,5.234717446125413,4.493874186302052,4.641034075249977,5.116977424048886,5.94799114619417,5.76272476633608,6.1233821726749404,7.134673987561233,7.747076500159243,6.7319267090458235,6.493070862146232,6.7872052604545905,7.933909791551732,7.619402682579814,7.989669453523583,9.220004262176356,8.59462224079715,9.096098978881413,10.120498656543914,12.851684670369274,11.073398216875717,8.96678775493171,8.667601362682205,8.511331336740083,9.83152796508852,8.818341872325073,7.421765446370067,7.423817872216007,7.77399943559031,5.65147845115017,5.075847553619143,5.335922022552611
EV/EBITDA,,9.324150209171904,8.767872864694356,9.361532716871539,9.844728155485976,11.26134058309134,10.74759898480971,11.374185439995962,11.417984722385482,10.081398506456773,9.391219539271903,10.267398283768728,11.386686307455268,11.09427877302904,11.585610970552791,13.316819760547487,13.527540890731903,12.525315010802267,12.287539605016267,11.920412382826207,14.145868966271625,14.398130444818458,15.566983109343195,16.663259007173824,16.21280558825264,17.38308540016449,18.970158611799796,21.347112026105442,18.769487593249053,15.488382951677606,15.186909010592592,14.38498602839941,15.470235620291348,15.839671812998542,14.167369133948794,13.856833251161,13.602431001919623,11.607147254742348,11.127104595564688,11.241781519124808
EPS (VNĐ/CP),1016.1217903293627,1150.0336577194353,1277.7664823778098,1050.1022741180973,1112.9490657950366,1192.4914576353565,1052.0851962760382,888.4080575392362,894.3375209671037,1099.7358400867727,996.6629341933173,1084.0030561177825,1050.7422471085263,1399.9183595117263,1356.3873092959645,1232.522245780699,1045.5581805223603,1472.5660496285957,1469.969092748622,1587.7727087797416,1264.2379394329143,1544.86438327721,1664.6236143340652,1602.597892184426,1320.4744632589245,1470.1468722587106,1531.133999076881,1861.3745323938706,1202.1335773405533,1856.2470209151127,2013.4161776284886,2022.3255948654337,1260.176425653443,1756.0520859615742,1939.711517343664,1797.4487421252043,1579.8785458303903,1779.2162501309701,1820.7641165647326,1556.6722466838544
Tăng trưởng EPS,-0.087,-0.0356,0.2145,0.182,0.2444,0.0843,0.0556,-0.1804,-0.1489,-0.2144,-0.2652,-0.12050000000000001,0.005,-0.0493,-0.07730000000000001,-0.2237,-0.17300000000000001,-0.046799999999999994,-0.11689999999999999,-0.009300000000000001,-0.0426,0.0508,0.0872,-0.139,0.0984,-0.20800000000000002,-0.2395,-0.0796,-0.0461,0.0571,0.038,0.1251,-0.2024,-0.013000000000000001,0.0653,0.1547,-0.08650000000000001,0.2929,0.1559,-0.0649
Giá trị sổ sách (VNĐ/CP),15444.740517425242,15010.40777718302,16433.90321498074,15241.554827817872,15166.263367949932,14668.047373239577,16013.854397782628,15072.85258189607,14282.14719849255,14900.517707547588,16333.345562662462,15406.049350359237,15829.65748867962,14878.973055739472,15131.730827991885,14991.71493976801,14975.047820337624,14044.007439162837,14421.383943115292,17233.756164954644,15794.424344965222,15654.324697799304,16274.241586351685,16271.287657657045,14804.765390399023,14619.70148705112,14956.155457880059,17785.684886545783,16106.837765577715,16544.622124716207,16895.89663822502,17075.342604819525,15274.386927592781,14138.428182510943,15649.200495740644,18863.436336225503,17241.802291385153,15821.971820179342,17547.073630952495,21080.22332619262
Biên lợi nhuận gộp,0.4012,0.41200000000000003,0.4243,0.4189,0.41240000000000004,0.4192,0.4048,0.38780000000000003,0.38789999999999997,0.39490000000000003,0.40700000000000003,0.4053,0.4251,0.4288,0.4361,0.4363,0.46159999999999995,0.4669,0.4607,0.4667,0.4692,0.4704,0.4804,0.4667,0.4739,0.4728,0.4721,0.45270000000000005,0.4537,0.4717,0.49,0.4829,0.46409999999999996,0.4167,0.4316,0.4865,0.3979,0.41240000000000004,0.4178,0.3567
Biên EBIT,0.1751,0.1934,0.2025,0.1979,0.1888,0.2018,0.1859,0.172,0.1559,0.18100000000000002,0.175,0.2011,0.1714,0.223,0.2241,0.2401,0.187,0.2451,0.2419,0.2403,0.1886,0.2296,0.24489999999999998,0.255,0.2072,0.2218,0.23190000000000002,0.26280000000000003,0.1693,0.243,0.2583,0.2896,0.1883,0.2503,0.2708,0.255,0.20670000000000002,0.24280000000000002,0.2504,0.2195
Biên EBITDA,0.2076,0.2297,0.23399999999999999,0.2336,0.2376,0.2332,0.2198,0.2101,0.19030000000000002,0.2133,0.20980000000000001,0.2398,0.2052,0.2563,0.2589,0.278,0.2248,0.28059999999999996,0.2779,0.27949999999999997,0.22390000000000002,0.2642,0.2777,0.2908,0.2407,0.2516,0.2608,0.29460000000000003,0.1985,0.26649999999999996,0.28190000000000004,0.3154,0.21420000000000003,0.2748,0.29460000000000003,0.28300000000000003,0.2322,0.26899999999999996,0.2763,0.2501
Biên lợi nhuận ròng,0.1387,0.1547,0.16190000000000002,0.1564,0.1505,0.162,0.1467,0.13699999999999998,0.124,0.1445,0.1408,0.16449999999999998,0.1399,0.18280000000000002,0.1821,0.19690000000000002,0.155,0.2016,0.1991,0.1962,0.15289999999999998,0.1873,0.1989,0.2121,0.1757,0.1864,0.1954,0.2214,0.14,0.2029,0.21850000000000003,0.24359999999999998,0.1548,0.2089,0.22690000000000002,0.20920000000000002,0.17120000000000002,0.20120000000000002,0.2082,0.179
ROE LTM,0.2655,0.2789,0.261,0.26489999999999997,0.2659,0.25170000000000003,0.2267,0.23600000000000002,0.2498,0.2635,0.2685,0.2994,0.306,0.325,0.3247,0.33399999999999996,0.3546,0.37549999999999994,0.3496,0.3444,0.37689999999999996,0.39640000000000003,0.38020000000000004,0.3738,0.40700000000000003,0.3862,0.38170000000000004,0.3908,0.44420000000000004,0.46340000000000003,0.4289,0.4233,0.4322,0.4721,0.4075,0.37929999999999997,0.38270000000000004,0.40700000000000003,0.34369999999999995,0.31129999999999997
ROA LTM,0.17550000000000002,0.17149999999999999,0.1861,0.18469999999999998,0.1783,0.16079999999999997,0.1589,0.1604,0.1685,0.1728,0.1789,0.1984,0.209,0.20800000000000002,0.21109999999999998,0.22769999999999999,0.2413,0.247,0.23870000000000002,0.24969999999999998,0.2572,0.2877,0.2762,0.2803,0.2834,0.29410000000000003,0.2873,0.302,0.321,0.3503,0.33130000000000004,0.3371,0.32939999999999997,0.35200000000000004,0.316,0.2986,0.2918,0.3048,0.2686,0.248
Vòng quay tài sản (vòng),0.27459598762683374,0.2777723006439951,0.31471195437727034,0.27054125458576744,0.2902005543085673,0.29521514011239486,0.3031883504222195,0.28478271229223934,0.30233279522040124,0.30615333421872065,0.27949449869081017,0.2610381976835385,0.3001710083945768,0.30812234390848703,0.30194286723372527,0.2651745209043668,0.29191438821556204,0.3112841172824967,0.32392906427258994,0.31183295342313716,0.3358177270803801,0.35598948718099727,0.37198719311091355,0.34859419645475614,0.3642875584403487,0.3912624362746206,0.3832205181692767,0.34631965916803314,0.37276796587335415,0.4183452889356762,0.4235958002087659,0.3986741651990718,0.4140451543087105,0.42484548872344857,0.42295902910821925,0.3654625984902344,0.415387538581718,0.39672074276864233,0.3872669955581208,0.3303205230904624
Hiệu suất sử dụng tài sản cố định,0.46066714394943215,0.4707147007356823,0.5067579708382446,0.4328346565188302,0.48909741722213657,0.5037291251764555,0.49814007136269833,0.46264471724991674,0.5073756939800136,0.5458587672636677,0.5099359261855034,0.47712407421160463,0.5468044102193776,0.5634332090143717,0.5504175604438263,0.4638683449368899,0.5113984799989812,0.5563419099809929,0.5568933956048652,0.5122123912241453,0.5438476493511187,0.5828860410139827,0.6110756748217558,0.5610936383085787,0.5820662590854773,0.6599094572496526,0.6863920344887936,0.6225436510473881,0.7086614868175655,0.8665273505088837,0.8823541608535165,0.8070878923149657,0.8099044564214488,0.8557838476842392,0.8876391649488562,0.7519503276753461,0.8336971278565463,0.8140322925704259,0.8200741115002508,0.6924445084957204
Số ngày thu tiền khách hàng (ngày),120.9337060502115,121.79055144819962,115.62088530258059,136.3459907840273,123.02941770017468,120.59569982245333,132.4487541415975,144.01565556280593,125.46353263612208,116.99015150975734,127.38355166098144,135.0956377630577,119.40018034073044,122.90509498222083,118.20980902995424,128.94240911814123,124.04983116516006,117.56081447040265,106.84788381488359,105.50788446888127,116.72889974058243,126.89801204637912,124.45792448400364,129.12750695431237,130.31916085065833,129.65100281858597,125.69164941578386,134.6992517783025,125.36560541889025,108.6148813232063,92.99533253563321,85.08285069238599,89.12587322635896,94.88328649701542,89.82421541857993,95.31995554244308,82.23992314320796,91.93805441369817,91.33701748492854,105.16344414126092
Số ngày xử lý hàng tồn kho (ngày),232.17439114539584,252.2446592990401,253.24439325534465,287.2701567197363,235.17438382688107,241.48897468657782,262.80531159546456,262.2190899160907,223.8913215848416,241.47825627720277,304.29302454732016,319.29163416773605,263.98255454009075,260.88956194126985,274.0911577262874,279.0989747733199,238.54124839914695,240.71180270771285,249.5983168188564,259.1424641874482,240.80945067683572,253.96765362962662,262.1345841555727,282.26583871782384,262.6613801776214,231.9994890304037,233.58646394714395,230.92738890360351,208.174502232812,204.16389099127025,217.2401494828206,247.32196163571635,243.46307041595486,212.88085231078475,217.02460322265836,269.64575955336863,203.9763305964369,219.12232588399797,230.16578683595318,245.57678359228169
Số ngày phải trả nhà cung cấp (ngày),155.16055764519544,152.55544386615503,146.91325783549186,175.0474225860549,153.55293637973148,151.71216502002684,177.80719983490988,202.60218667790988,159.49024689438468,142.11524529606376,169.41443776716412,188.77342854263415,165.1974269760896,171.9368288556149,192.961854232708,194.3092036302608,161.99971652538053,152.58035796485083,165.03032846291185,195.83136412676765,190.08764329941965,186.71331513574935,176.20103655534538,209.79631085659014,206.66521891391113,186.6394331957241,208.06216378416232,230.74012157631296,208.04784979661022,171.45922644607293,151.92723934491204,147.4011451210569,123.10680228518555,84.62529411014508,79.40358024397219,125.93037637172645,119.70481922521849,113.23884911001845,112.29933094044665,130.22202635176293
Vòng quay tiền mặt (ngày),197.9475395504119,221.4797668810847,221.95202072243336,248.5687249177087,204.65086514732428,210.3725094890043,217.44686590215218,203.63255880098674,189.864607326579,216.35316249089635,262.2621384411375,265.6138433881596,218.1853079047316,211.8578280678758,199.33911252353366,213.73218026120034,200.5913630389265,205.69225921326466,191.41587217082815,168.81898452956182,167.4507071179985,194.1523505402564,210.391472084231,201.59703481554607,186.31532211436863,175.01105865326556,151.2159495787655,134.88651910559307,125.49225785509202,141.31954586840362,158.30824267354177,185.00366720704542,209.48214135712828,223.1388446976551,227.4452383972661,239.03533872408525,166.51143451442636,197.8215311876777,209.20347338043507,220.51820138177968
Nợ phải trả / Vốn chủ sở hữu,0.5218,0.6365,0.41359999999999997,0.4401,0.5038,0.6164999999999999,0.39030000000000004,0.4275,0.47740000000000005,0.5128,0.4623,0.5151,0.4876,0.5371,0.5432,0.5031,0.43939999999999996,0.5902000000000001,0.5329,0.4288,0.5035000000000001,0.4404,0.3889,0.32439999999999997,0.42229999999999995,0.31120000000000003,0.3636,0.34380000000000005,0.4522,0.31489999999999996,0.2909,0.2418,0.31120000000000003,0.3325,0.2985,0.2709,0.3132,0.3508,0.2798,0.27
"Vay và nợ thuê tài chính ngắn hạn, dài hạn / Vốn chủ sở hữu",0.2564,0.2397,0.20809999999999998,0.19039999999999999,0.2414,0.21050000000000002,0.1748,0.2014,0.1503,0.28,0.2655,0.31489999999999996,0.2638,0.2692,0.2804,0.27699999999999997,0.2224,0.2082,0.19690000000000002,0.19440000000000002,0.1841,0.15380000000000002,0.11960000000000001,0.081,0.048600000000000004,0.0463,0.07690000000000001,0.0696,0.0227,0.0215,0.0176,0.02,0.0741,0.081,0.0745,0.0767,0.08810000000000001,0.09029999999999999,0.057,0.0596
Nợ vay ròng / Vốn chủ sở hữu,-0.4482,-0.5717,-0.4239,-0.42460000000000003,-0.41659999999999997,-0.5509000000000001,-0.3889,-0.34369999999999995,-0.45039999999999997,-0.38189999999999996,-0.37229999999999996,-0.3002,-0.3882,-0.37450000000000006,-0.3489,-0.3336,-0.3549,-0.4294,-0.3761,-0.294,-0.32380000000000003,-0.2514,-0.25989999999999996,-0.295,-0.3396,-0.2775,-0.3208,-0.3193,-0.46,-0.4138,-0.469,-0.48100000000000004,-0.4217,-0.3868,-0.4349,-0.38380000000000003,-0.3911,-0.3431,-0.3996,-0.39649999999999996
Tổng tài sản / Vốn chủ sở hữu,1.512952399579533,1.6266981004360848,1.4022166084946053,1.43395546856818,1.491047500169242,1.5647948504859526,1.4263765163751905,1.4716374225457374,1.4827444395141727,1.5249368773186203,1.5013344400837285,1.5092109117226662,1.4643011617058568,1.5627540241035491,1.5381661809722675,1.4669068755917507,1.4694657362658805,1.5201586165929972,1.4649067691721191,1.379417948387432,1.4653952877806316,1.3780838455583853,1.3767860507186935,1.3336065934247276,1.436519103901806,1.3129989540520548,1.3285175855168336,1.2940320729363277,1.3839098799415677,1.323088358235725,1.2946003771988706,1.2556777870651386,1.3121857689229874,1.3413444877136742,1.2895103714617313,1.2704810320913038,1.311399218590503,1.3355052719804577,1.2795677320462233,1.2548704407586597
Khả năng thanh toán tổng quát,2.9165593079298593,2.57110432079607,3.4177738315981974,3.272073762661597,2.984728206951959,2.6219452706986255,3.562075352114076,3.3389533630008934,3.094741016972291,2.9500648325792485,3.163157166164469,2.9412030627205885,3.0506533133131986,2.8619915853888998,2.841081271107131,2.9876750414884254,3.2757055473291854,2.694286545959133,2.876659814696268,3.332165355140717,2.986239133333748,3.2706237875804716,3.571256461545481,4.082832589014556,3.367912254100439,4.213161913944802,3.750567972204183,3.9090040487092144,3.2116435540688326,4.175407034897286,4.437019631922019,5.136048650943744,4.213378845558662,4.007112982218736,4.349654175219581,4.691624389208207,4.192414569977871,3.850234010766759,4.574344595471061,4.703044026530816
Khả năng thanh toán nhanh,1.7263051029033862,1.5657294995645397,2.000121422332024,1.845978907878776,1.7392109817091788,1.567815826142141,1.9707499066361611,1.7830663718781041,1.6999019846460468,1.6837740864194932,1.7889149220440157,1.578065876122241,1.7187791359602855,1.5797358573867673,1.555674218571775,1.5949250869772407,1.7421567169195527,1.4476227157867962,1.4613093031740645,1.5567320086704128,1.366663675593701,1.4387470681509917,1.5299677344648317,1.8926190597215977,1.4130157267414996,1.9021606482471016,1.7977467060784047,1.8481373412848225,1.5973984064536666,2.146105610380911,2.4575505563693003,2.9364210990162376,2.191570379259274,2.1041493054708362,2.3948958371721014,2.425750493913747,2.152081672651208,1.8388665610864803,2.3598191714682555,2.43229907990707
Khả năng thanh toán tức thời,1.3806423650592885,1.2987024006750425,1.5730020947670755,1.4421226865372767,1.344867734593034,1.269046296458916,1.5037353179437194,1.3057112185767192,1.2877876938285149,1.3190290872507795,1.410920625365147,1.221819214820863,1.3694467190460304,1.2273380033600318,1.193481179347623,1.2545201383103912,1.3667351033935058,1.1125149848635998,1.1113798035101512,1.182878852127678,1.0455649023924731,0.9461339057495467,1.0154291079290132,1.2335725149214098,0.9583579060637868,1.1384674341716523,1.1908537818939957,1.211255195939326,1.1303986338916219,1.4754761169873112,1.7941233334425275,2.2654142446566468,1.7203524396500547,1.5239731275374855,1.8506433624872396,1.8284988848479744,1.6699752548381792,1.3468371612498875,1.7877902094393716,1.8548083985279975
Khả năng thanh toán lãi vay,48.590932150029616,56.9786105596816,60.60807446672638,38.16012096667439,38.57051911433032,45.81613527698446,34.79998296270986,35.527745280255296,53.862868398959364,68.67439886033175,85.34875823809391,127.171186534785,138.4447965582994,170.27328772758526,144.9656962083084,284.09330471635616,125.42217275691546,114.13554167028138,114.38818964838545,94.04746383926246,88.95783241814893,135.83668856750447,159.88238255621607,193.33832793128911,230.8500908856079,288.4448126381849,206.89591889673184,417.2981216732794,488.93847995859386,505.70055734251895,935.059239223921,283.77439422700576,129.23389056027455,338.54602435015323,421.27663060887176,351.75040633406746,301.80656795852536,362.7347241502015,427.59895252925503,268.07964382479696
Vốn hóa (Tỷ đồng),132085184124000,134384135113500,152357751940500,137937059370000,140027014815000,141071992537500,157791636097500,153611725207500,155492685108000,160926569265000,154238711841000,152148756396000,155074694019000,173675297479500,189558958861500,179945163814500,195410834107500,214815541568800,225681697368000,191377408570600,172396391706000,203044639120400,233518748765400,215060214122000,226034739579000,235960764352500,204269342056800,244535077206500,268483768590000,296783409063000,220453187119900,222053978682000,214800596832000,194345985453100,206106026238000,186021606690000,166819376322000,145216867158000,136815891372000,119014113876000
Số lượng cổ phiếu lưu hành (Triệu CP),2089955445,2089955445,2089955445,2089955445,2089955445,2089955445,2089955445,2089955445,2089955445,2089955445,2089955445,2089955445,2089955445,2089955445,2089955445,2089955445,2089955445,2089645346,2089645346,1741377694,1741377694,1741377694,1741377694,1741378252,1741407855,1741407855,1741426616,1451246749,1451263614,1451263614,1451304721,1451333194,1451355384,1451426329,1451450889,1200139398,1200139398,1200139398,1200139398,1000118604