NGÀY,GIÁ MỞ CỬA,GIÁ CAO NHẤT,GIÁ THẤP NHẤT,GIÁ ĐÓNG CỬA,THAY ĐỔI GIÁ,% THAY ĐỔI,KHỐI LƯỢNG
14/03/2025,62400,62700,62100,62100,100,0.001612903,2696700
13/03/2025,62300,62900,61900,62000,-200,-0.003215434,5100400
12/3/2025,62500,62800,62200,62200,-200,-0.003205128,2755400
11/3/2025,62300,62500,62100,62400,-100,-0.0016,2287600
10/3/2025,63000,63000,62500,62500,-200,-0.003189793,2529500
7/3/2025,62900,63000,62400,62700,-200,-0.00317965,2655600
6/3/2025,62700,62900,62200,62900,200,0.003189793,3125600
5/3/2025,63600,63600,62700,62700,-800,-0.012598425,2275500
4/3/2025,63200,63800,62900,63500,300,0.004746835,6042000
3/3/2025,62800,63200,62300,63200,1000,0.01607717,3610600
28/02/2025,62300,63200,62200,62200,0,0,4175600
27/02/2025,63200,63200,62200,62200,-900,-0.014263074,3520600
26/02/2025,63000,63400,62900,63100,200,0.00317965,3636600
25/02/2025,64000,64000,62600,62900,-900,-0.014106583,3884200
24/02/2025,61600,63900,61600,63800,2400,0.039087948,11512800
21/02/2025,60800,62100,60600,61400,700,0.011532125,4717200
20/02/2025,60900,60900,60600,60700,-100,-0.001644737,2627900
19/02/2025,60300,60900,60300,60800,500,0.008291874,3072700
18/02/2025,60400,60500,60000,60300,300,0.005,2436800
17/02/2025,60400,60600,60000,60000,-300,-0.004975124,3612400
14/02/2025,60700,60700,60300,60300,-400,-0.006589786,6401800
13/02/2025,61000,61000,60400,60700,-300,-0.004918033,2576800
12/2/2025,60600,61000,60500,61000,600,0.009933775,2756600
11/2/2025,60600,60700,60100,60400,-200,-0.00330033,3433800
10/2/2025,61200,61200,60600,60600,-200,-0.003289474,2592100
7/2/2025,60700,61200,60600,60800,100,0.001647446,2552300
6/2/2025,61500,61600,60500,60700,-800,-0.01300813,3024800
5/2/2025,60400,61500,60400,61500,1300,0.021594684,3198100
4/2/2025,60600,60900,60000,60200,-300,-0.004958678,7125000
3/2/2025,62200,62200,60500,60500,-1700,-0.02733119,7279900
24/01/2025,61900,62500,61800,62200,200,0.003225806,1576400
23/01/2025,61600,62300,61600,62000,400,0.006493506,1781300
22/01/2025,62000,62000,61600,61600,-200,-0.003236246,1760900
21/01/2025,62000,62100,61600,61800,-100,-0.001615509,1403900
20/01/2025,62000,62200,61600,61900,-100,-0.001612903,1633600
17/01/2025,62200,62200,62000,62000,100,0.001615509,889400
16/01/2025,62300,62600,61700,61900,200,0.003241491,1684500
15/01/2025,62100,62300,61700,61700,100,0.001623377,1216400
14/01/2025,61400,61800,61300,61600,200,0.003257329,1147600
13/01/2025,61200,61900,61100,61400,100,0.001631321,1101700
10/1/2025,61700,61900,61300,61300,-500,-0.008090615,1189800
9/1/2025,61800,61900,61300,61800,100,0.001620746,1500000
8/1/2025,62000,62100,61200,61700,0,0,2053300
7/1/2025,62600,63000,61600,61700,-800,-0.0128,2802100
6/1/2025,63000,63200,62500,62500,-500,-0.007936508,2103500
3/1/2025,63200,63300,62900,63000,-100,-0.001584786,1776700
2/1/2025,63600,63800,63100,63100,-300,-0.004731861,1336600
31/12/2024,63400,63800,63300,63400,100,0.001579779,1641900
30/12/2024,63600,63700,63300,63300,-500,-0.007836991,1490800
27/12/2024,63900,64100,63700,63800,0,0,2443700
26/12/2024,64200,64200,63800,63800,-100,-0.001564945,1708800
25/12/2024,63900,64396.11801,63900,63900,100,0.00155521,1382500
24/12/2024,63900,64197.67081,63602.32919,63800.7764,-100,-0.001552795,4725000
23/12/2024,64197.67081,64495.34162,63800.7764,63900,-600,-0.009230769,1367800
20/12/2024,63503.10559,64495.34162,63503.10559,64495.34162,1100,0.017214397,3799600
19/12/2024,63900,63999.2236,63403.88199,63403.88199,-800,-0.01236476,2646900
18/12/2024,64495.34162,64594.56522,64197.67081,64197.67081,100,0.001547988,1614100
17/12/2024,64396.11801,64495.34162,63999.2236,64098.44721,-400,-0.006153846,1204000
16/12/2024,63701.5528,64693.78882,63701.5528,64495.34162,800,0.012461059,2387600
13/12/2024,63800.7764,63999.2236,63602.32919,63701.5528,-400,-0.00619195,1396700
12/12/2024,63701.5528,64396.11801,63701.5528,64098.44721,400,0.00623053,2249807
11/12/2024,63403.88199,64098.44721,63403.88199,63701.5528,300,0.004694836,2024600
10/12/2024,63602.32919,63900,63403.88199,63403.88199,-200,-0.003120125,1711000
9/12/2024,63999.2236,63999.2236,63503.10559,63602.32919,0,0,1762700
6/12/2024,63999.2236,64296.89441,63602.32919,63602.32919,-200,-0.00311042,1677900
5/12/2024,63006.98758,64197.67081,62709.31677,63800.7764,1000,0.015797788,2218400
4/12/2024,63304.65839,63403.88199,62808.54037,62808.54037,-600,-0.009389671,2745800
3/12/2024,64098.44721,64098.44721,63403.88199,63403.88199,-600,-0.009302326,2425200
2/12/2024,64098.44721,64296.89441,63701.5528,63999.2236,-100,-0.001547988,1229100
29/11/2024,63999.2236,64296.89441,63800.7764,64098.44721,100,0.001550388,1105500
28/11/2024,64495.34162,64495.34162,63999.2236,63999.2236,-100,-0.001547988,1273300
27/11/2024,64296.89441,64495.34162,63999.2236,64098.44721,-200,-0.00308642,1586400
26/11/2024,63999.2236,64495.34162,63900,64296.89441,500,0.00777605,1675600
25/11/2024,63800.7764,64098.44721,63701.5528,63800.7764,0,0,2446600
22/11/2024,63403.88199,64296.89441,63403.88199,63800.7764,400,0.006259781,2585700
21/11/2024,63205.43478,63602.32919,62907.76398,63403.88199,300,0.004716981,2253500
20/11/2024,62510.86957,63304.65839,62411.64596,63106.21118,600,0.00952381,2818000
19/11/2024,62808.54037,63006.98758,62510.86957,62510.86957,-200,-0.003164557,2833600
18/11/2024,63205.43478,63701.5528,62709.31677,62709.31677,-500,-0.007849294,3797000
15/11/2024,64396.11801,64396.11801,63205.43478,63205.43478,-1300,-0.02,3688300
14/11/2024,64495.34162,64495.34162,64197.67081,64495.34162,0,0,1779900
13/11/2024,64594.56522,65090.68323,64197.67081,64495.34162,100,0.001540832,2820700
12/11/2024,64693.78882,65189.90683,64296.89441,64396.11801,-300,-0.004601227,1729600
11/11/2024,65189.90683,65289.13044,64197.67081,64693.78882,-500,-0.00761035,2737600
8/11/2024,65487.57764,65686.02485,65090.68323,65189.90683,-200,-0.003034901,1852400
7/11/2024,65487.57764,65686.02485,65090.68323,65388.35404,100,0.001519757,1152300
6/11/2024,65487.57764,65487.57764,64793.01242,65289.13044,300,0.004580153,2594600
5/11/2024,65189.90683,65487.57764,64991.45963,64991.45963,-100,-0.00152439,1060900
4/11/2024,65388.35404,66082.91926,65090.68323,65090.68323,-200,-0.003039514,2118800
1/11/2024,65586.80124,65785.24845,65090.68323,65289.13044,-300,-0.004538578,2178005
31/10/2024,66082.91926,66082.91926,64793.01242,65586.80124,-200,-0.003016591,5269100
30/10/2024,66479.81367,66777.48447,65785.24845,65785.24845,-700,-0.010447761,3431700
29/10/2024,66777.48447,66777.48447,66281.36646,66479.81367,-200,-0.00297619,2030600
28/10/2024,67174.37888,67472.04969,66182.14286,66678.26087,-800,-0.011764706,2923300
25/10/2024,68067.39131,68067.39131,67372.82609,67472.04969,-400,-0.005847953,2170200
24/10/2024,66777.48447,68464.28572,66777.48447,67868.9441,1100,0.016344725,4365000
23/10/2024,66777.48447,67075.15528,66678.26087,66777.48447,0,0,1835900
22/10/2024,66777.48447,67273.60249,66678.26087,66777.48447,0,0,2250400
21/10/2024,66876.70808,67372.82609,66678.26087,66777.48447,-100,-0.00148368,1860000
18/10/2024,67075.15528,67472.04969,66876.70808,66876.70808,-200,-0.00295858,1737502
17/10/2024,67075.15528,67372.82609,66777.48447,67075.15528,100,0.001481481,1655019
16/10/2024,66281.36646,67571.27329,66281.36646,66975.93168,700,0.010479042,2003900
15/10/2024,66678.26087,66876.70808,66182.14286,66281.36646,-400,-0.005952381,3473302
14/10/2024,67571.27329,67571.27329,66579.03727,66678.26087,-500,-0.007385524,3220500
11/10/2024,67571.27329,67670.4969,66975.93168,67174.37888,0,0,2690038
10/10/2024,67769.7205,68265.83851,67174.37888,67174.37888,-100,-0.001474926,3122515
9/10/2024,67769.7205,68067.39131,67273.60249,67273.60249,-400,-0.005865103,3827960
8/10/2024,66678.26087,67670.4969,66678.26087,67670.4969,1100,0.016393443,3182649
7/10/2024,68166.61491,68761.95652,66579.03727,66579.03727,-1400,-0.020437956,5986300
4/10/2024,69952.63975,69952.63975,67868.9441,67968.1677,-1800,-0.025604552,6134000
3/10/2024,69654.96895,69952.63975,69357.29814,69754.19255,200,0.002853067,2948000
2/10/2024,69654.96895,69654.96895,69059.62733,69555.74534,0,0,2139900
1/10/2024,69654.96895,70151.08696,69555.74534,69555.74534,0,0,2040200
30/09/2024,70448.75777,70448.75777,69555.74534,69555.74534,-900,-0.012676056,2043516
27/09/2024,70250.31056,70647.20497,70151.08696,70448.75777,300,0.004243281,3168700
26/09/2024,69059.62733,70547.98137,69059.62733,70151.08696,1100,0.015804598,4484109
25/09/2024,69754.19255,69853.41615,69059.62733,69059.62733,-700,-0.009957326,4847436
24/09/2024,70448.75777,70448.75777,69555.74534,69754.19255,-200,-0.002836879,2199514
23/09/2024,70094.80581,70190.69473,69615.36117,69903.02795,200,0.002751032,2997201
20/09/2024,70478.36152,70957.80615,69711.2501,69711.2501,-600,-0.008185539,6555403
19/09/2024,70286.58366,70478.36152,69998.91688,70286.58366,0,0,1572742
18/09/2024,70574.25044,70861.91722,69998.91688,70286.58366,-100,-0.001362398,2845344
17/09/2024,69040.02761,70382.47259,68752.36083,70382.47259,1500,0.020862309,2526732
16/09/2024,69998.91688,69998.91688,68944.13868,68944.13868,-1000,-0.013717421,4034700
13/09/2024,71724.91757,71724.91757,69903.02795,69903.02795,-1800,-0.024096386,5347113
12/9/2024,71916.69542,72108.47328,71341.36186,71629.02864,100,0.001340483,2052124
11/9/2024,71724.91757,72012.58435,70861.91722,71533.13971,-300,-0.00400534,3165231
10/9/2024,71724.91757,72396.14006,71245.47293,71820.8065,100,0.001336898,3332434
9/9/2024,72012.58435,72012.58435,71149.58401,71724.91757,-600,-0.00795756,2638800
6/9/2024,71820.8065,72396.14006,71724.91757,72300.25113,700,0.009370817,3641800
5/9/2024,71245.47293,72300.25113,71053.69508,71629.02864,400,0.00538358,5841142
4/9/2024,70286.58366,71437.25079,70094.80581,71245.47293,400,0.00541272,2839125
30/08/2024,70574.25044,71724.91757,70382.47259,70861.91722,400,0.005442177,3675800
29/08/2024,70670.13937,70957.80615,70382.47259,70478.36152,-400,-0.00541272,2042980
28/08/2024,70574.25044,70957.80615,70190.69473,70861.91722,400,0.005442177,3352840
27/08/2024,70382.47259,70766.0283,69615.36117,70478.36152,100,0.001362398,4265844
26/08/2024,71820.8065,71916.69542,70286.58366,70382.47259,-1500,-0.020026702,6324827
23/08/2024,71820.8065,72492.02899,71341.36186,71820.8065,700,0.009433962,3307633
22/08/2024,72875.5847,72875.5847,70574.25044,71149.58401,-1100,-0.014608234,6025954
21/08/2024,72108.47328,72971.47362,72012.58435,72204.36221,-300,-0.003968254,3991045
20/08/2024,72875.5847,73067.36255,72204.36221,72492.02899,-400,-0.005263158,4177349
19/08/2024,70957.80615,72875.5847,70766.0283,72875.5847,2200,0.029810298,7917931
16/08/2024,70957.80615,71053.69508,70190.69473,70766.0283,0,0,7392917
15/08/2024,70957.80615,71533.13971,70670.13937,70766.0283,-200,-0.002702703,4255830
14/08/2024,70957.80615,71053.69508,70286.58366,70957.80615,200,0.002710027,5456225
13/08/2024,69807.13902,71341.36186,69711.2501,70766.0283,800,0.010958904,6834400
12/8/2024,70286.58366,71341.36186,69807.13902,69998.91688,-300,-0.004092769,5804000
9/8/2024,69807.13902,70382.47259,69519.47224,70286.58366,600,0.008253095,4527500
8/8/2024,70861.91722,71341.36186,69231.80546,69711.2501,-1100,-0.014905149,7611000
7/8/2024,70190.69473,70766.0283,69423.58332,70766.0283,1100,0.015130674,10740700
6/8/2024,67409.91584,70286.58366,67122.24906,69711.2501,3300,0.047550432,13950400
5/8/2024,68081.13833,68272.91619,65683.91515,66546.9155,-2100,-0.029370629,12245500
2/8/2024,67122.24906,68944.13868,67122.24906,68560.58297,1200,0.017069701,10290200
1/8/2024,68848.24975,68944.13868,67218.13799,67409.91584,-1300,-0.018156425,8955800
31/07/2024,65683.91515,69040.02761,65683.91515,68656.4719,3900,0.05760709,21564900
30/07/2024,64533.24803,65588.02623,64149.69232,64916.80374,500,0.007440476,6465600
29/07/2024,63478.46983,64820.91481,63190.80305,64437.3591,1400,0.021276596,5781800
26/07/2024,62711.35841,63478.46983,62711.35841,63094.91412,200,0.00304878,3275400
25/07/2024,62903.13626,62999.02519,62615.46948,62903.13626,0,0,1957600
24/07/2024,63094.91412,63382.5809,62903.13626,62903.13626,-300,-0.004552352,3913500
23/07/2024,62903.13626,63574.35875,62807.24734,63190.80305,500,0.00764526,3777800
22/07/2024,62615.46948,63286.69197,62519.58056,62711.35841,100,0.001531394,2654800
19/07/2024,63190.80305,63190.80305,62423.69163,62615.46948,-600,-0.009104704,3412700
18/07/2024,63286.69197,63286.69197,62807.24734,63190.80305,200,0.00304414,2363000
17/07/2024,63478.46983,63766.13661,62903.13626,62999.02519,-400,-0.006051437,3464800
16/07/2024,63670.24768,63957.91446,63382.5809,63382.5809,-100,-0.001510574,2243700
15/07/2024,63574.35875,64149.69232,63478.46983,63478.46983,-100,-0.001508296,2155300
12/7/2024,63670.24768,63862.02554,63382.5809,63574.35875,0,0,2189900
11/7/2024,64149.69232,64245.58125,63574.35875,63574.35875,-500,-0.00748503,3787100
10/7/2024,64725.02588,65012.69266,64053.80339,64053.80339,-700,-0.01037037,3991700
9/7/2024,64820.91481,65012.69266,64437.3591,64725.02588,-100,-0.00147929,5045200
8/7/2024,64533.24803,64916.80374,64245.58125,64820.91481,400,0.005952381,4942400
5/7/2024,63670.24768,64725.02588,63670.24768,64437.3591,800,0.012048193,4285100
4/7/2024,63574.35875,64149.69232,63574.35875,63670.24768,200,0.003021148,2688900
3/7/2024,63478.46983,63574.35875,63286.69197,63478.46983,0,0,1437600
2/7/2024,63286.69197,63574.35875,63094.91412,63478.46983,200,0.003030303,2042800
1/7/2024,63094.91412,63286.69197,62615.46948,63286.69197,500,0.007633588,1909300
28/06/2024,62807.24734,63286.69197,62615.46948,62807.24734,200,0.003062787,2821700
27/06/2024,62519.58056,62903.13626,62423.69163,62615.46948,100,0.001533742,2755400
26/06/2024,63094.91412,63094.91412,62423.69163,62519.58056,-300,-0.004580153,2599300
25/06/2024,63094.91412,63478.46983,62807.24734,62807.24734,0,0,3680600
24/06/2024,63382.5809,63862.02554,62615.46948,62807.24734,-500,-0.007575758,3871900
21/06/2024,63766.13661,64341.47017,63286.69197,63286.69197,0,0,4023700
20/06/2024,62711.35841,64053.80339,62519.58056,63286.69197,700,0.010719755,4397100
19/06/2024,63286.69197,63286.69197,62423.69163,62615.46948,-600,-0.009104704,6211000
18/06/2024,63766.13661,63766.13661,63190.80305,63190.80305,-100,-0.001515152,2751700
17/06/2024,63574.35875,63862.02554,63286.69197,63286.69197,-200,-0.003021148,3617600
14/06/2024,64245.58125,64533.24803,63478.46983,63478.46983,-700,-0.010463378,4124200
13/06/2024,64245.58125,64629.13695,64053.80339,64149.69232,-100,-0.001492537,4003600
12/6/2024,63766.13661,64533.24803,63574.35875,64245.58125,500,0.007518797,3522696
11/6/2024,64629.13695,64725.02588,63670.24768,63766.13661,-700,-0.010416667,6177100
10/6/2024,65588.02623,65683.91515,64437.3591,64437.3591,-600,-0.008849558,4584100
7/6/2024,64820.91481,65779.80408,64725.02588,65012.69266,600,0.008928571,4127600
6/6/2024,66163.35979,66163.35979,64437.3591,64437.3591,-1300,-0.018978102,4907800
5/6/2024,63478.46983,66355.13764,63478.46983,65683.91515,2500,0.037878788,11865800
4/6/2024,63382.5809,63862.02554,63286.69197,63286.69197,-100,-0.001512859,3755800
3/6/2024,63094.91412,63862.02554,62999.02519,63382.5809,700,0.010703364,3302200
31/05/2024,63190.80305,63190.80305,62615.46948,62711.35841,-300,-0.00456621,4165400
30/05/2024,63382.5809,63478.46983,62807.24734,62999.02519,-600,-0.009049774,4502600
29/05/2024,64245.58125,64533.24803,63286.69197,63574.35875,-500,-0.00748503,3644200
28/05/2024,63574.35875,64533.24803,63382.5809,64053.80339,700,0.010590015,5787500
27/05/2024,63382.5809,63862.02554,63094.91412,63382.5809,100,0.001515152,2426600
24/05/2024,63957.91446,64149.69232,62999.02519,63286.69197,-1000,-0.014925373,4194100
23/05/2024,63286.69197,64245.58125,63094.91412,64245.58125,1200,0.018237082,2991400
22/05/2024,63670.24768,63957.91446,63094.91412,63094.91412,-400,-0.006042296,3728300
21/05/2024,63670.24768,63862.02554,63094.91412,63478.46983,-200,-0.003012048,3821200
20/05/2024,64341.47017,64820.91481,63670.24768,63670.24768,-600,-0.008955224,4941500
17/05/2024,64533.24803,65012.69266,64053.80339,64245.58125,-200,-0.00297619,4349200
16/05/2024,64341.47017,64916.80374,64245.58125,64437.3591,200,0.002985075,3153300
15/05/2024,64149.69232,64533.24803,63957.91446,64245.58125,500,0.007518797,3895400
14/05/2024,63190.80305,64245.58125,63190.80305,63766.13661,700,0.010638298,2704800
13/05/2024,63862.02554,64053.80339,62711.35841,63094.91412,-700,-0.010526316,2882500
10/5/2024,63957.91446,64725.02588,63382.5809,63766.13661,-100,-0.001501502,2438800
9/5/2024,65108.58159,65108.58159,63862.02554,63862.02554,-1300,-0.019145803,2998000
8/5/2024,65204.47052,65204.47052,64341.47017,65108.58159,-100,-0.001470588,2984400
7/5/2024,63286.69197,65683.91515,63190.80305,65204.47052,2200,0.03343465,8723900
6/5/2024,63094.91412,63670.24768,62807.24734,63094.91412,200,0.00304878,2261300
3/5/2024,62903.13626,63286.69197,62807.24734,62903.13626,200,0.003058104,2204400
2/5/2024,62711.35841,62807.24734,62231.91377,62711.35841,400,0.006153846,2563400
26/04/2024,62040.13592,63094.91412,61848.35806,62327.8027,300,0.004636785,2940600
25/04/2024,61368.91343,62136.02485,61273.0245,62040.13592,700,0.0109375,2006000
24/04/2024,61368.91343,61656.58021,60889.46879,61368.91343,500,0.007874016,2478300
23/04/2024,61560.69128,61656.58021,60601.80201,60889.46879,-500,-0.0078125,2139400
22/04/2024,62040.13592,62615.46948,61368.91343,61368.91343,-200,-0.003115265,2035200
19/04/2024,61560.69128,61752.46914,60697.69094,61560.69128,0,0,4677100
17/04/2024,61752.46914,62231.91377,61560.69128,61560.69128,200,0.003125,5144500
16/04/2024,62231.91377,62327.8027,60410.02416,61368.91343,-900,-0.013867488,7128700
15/04/2024,63957.91446,63957.91446,62231.91377,62231.91377,-1800,-0.026986507,5776100
12/4/2024,64053.80339,64341.47017,63862.02554,63957.91446,100,0.001501502,2509200
11/4/2024,63957.91446,64149.69232,63766.13661,63862.02554,-200,-0.002994012,2947700
10/4/2024,64341.47017,64533.24803,64053.80339,64053.80339,-200,-0.002985075,4464100
9/4/2024,64341.47017,64533.24803,64053.80339,64245.58125,0,0,2516000
8/4/2024,65204.47052,65204.47052,64149.69232,64245.58125,-900,-0.013254786,3716000
5/4/2024,65396.24837,65396.24837,64916.80374,65108.58159,-300,-0.004398827,4233800
4/4/2024,63957.91446,65588.02623,63957.91446,65396.24837,1500,0.022488756,8598100
3/4/2024,64533.24803,64533.24803,63957.91446,63957.91446,-600,-0.008915305,5046100
2/4/2024,64245.58125,64629.13695,63957.91446,64533.24803,300,0.004477612,4322900
1/4/2024,64820.91481,64916.80374,64245.58125,64245.58125,-600,-0.00887574,5013000
29/03/2024,65588.02623,65588.02623,64725.02588,64820.91481,-100,-0.001477105,3694900
28/03/2024,64916.80374,65588.02623,64820.91481,64916.80374,0,0,4492200
27/03/2024,65204.47052,65204.47052,64725.02588,64916.80374,0,0,2812100
26/03/2024,64629.13695,65108.58159,64533.24803,64916.80374,400,0.005943536,2524500
25/03/2024,65108.58159,65396.24837,64341.47017,64533.24803,-500,-0.007374631,5588600
22/03/2024,65779.80408,65875.69301,65012.69266,65012.69266,-600,-0.00877193,6162600
21/03/2024,65396.24837,65683.91515,65108.58159,65588.02623,400,0.005882353,5061700
20/03/2024,65012.69266,65779.80408,64725.02588,65204.47052,200,0.002949853,3657800
19/03/2024,65683.91515,65683.91515,65012.69266,65012.69266,-100,-0.001472754,3222100
18/03/2024,65971.58194,66259.24872,64820.91481,65108.58159,-900,-0.013081395,6796400
15/03/2024,67218.13799,67218.13799,65875.69301,65971.58194,-800,-0.011494253,4851100
14/03/2024,67212.01742,67496.01186,66549.36373,66738.69335,-300,-0.004237288,5476400
13/03/2024,66360.0341,67117.35261,66265.36929,67022.68779,800,0.011428571,5702600
12/3/2024,66644.02854,66833.35817,66265.36929,66265.36929,-300,-0.004267425,3844000
11/3/2024,66738.69335,67496.01186,66265.36929,66549.36373,300,0.004285714,4268400
8/3/2024,68253.33036,69010.64887,66265.36929,66265.36929,-2000,-0.027777778,7361000
7/3/2024,67874.67111,68253.33036,67496.01186,68158.66555,200,0.002785515,5217600
6/3/2024,69389.30812,69578.63775,67969.33592,67969.33592,-1200,-0.016438356,4862900
5/3/2024,68158.66555,69105.31368,67874.67111,69105.31368,1000,0.013888889,5530900
4/3/2024,67969.33592,68821.31924,67780.0063,68158.66555,500,0.006993007,5014600
1/3/2024,68253.33036,68253.33036,67401.34705,67685.34148,-500,-0.006944444,4487700
29/02/2024,68726.65443,69389.30812,67780.0063,68158.66555,-200,-0.002770083,6568800
28/02/2024,68537.3248,68726.65443,67685.34148,68347.99518,200,0.002777778,3509000
27/02/2024,67401.34705,68537.3248,67306.68223,68158.66555,1000,0.014084507,5282500
26/02/2024,67212.01742,67874.67111,66928.02298,67212.01742,0,0,3138400
23/02/2024,67969.33592,68821.31924,67212.01742,67212.01742,-600,-0.008379888,6142500
22/02/2024,67496.01186,68821.31924,67306.68223,67780.0063,300,0.004207574,4698100
21/02/2024,67685.34148,68064.00074,67212.01742,67496.01186,-200,-0.002797203,3590200
20/02/2024,67874.67111,68537.3248,67496.01186,67685.34148,-400,-0.005563282,4435700
19/02/2024,67117.35261,68726.65443,66928.02298,68064.00074,1900,0.027142857,7144500
16/02/2024,64182.74339,66549.36373,63898.74895,66265.36929,2400,0.035502959,11114600
15/02/2024,63993.41377,64372.07302,63614.75451,63993.41377,0,0,4115500
7/2/2024,63993.41377,64277.40821,63614.75451,63993.41377,0,0,2736300
6/2/2024,64466.73783,64561.40265,63993.41377,63993.41377,-400,-0.005882353,2463800
5/2/2024,63804.08414,64561.40265,63614.75451,64372.07302,600,0.008902077,3565900
2/2/2024,63898.74895,64088.07858,63425.42489,63804.08414,-100,-0.001481481,2677300
1/2/2024,63614.75451,64182.74339,63614.75451,63898.74895,500,0.007462687,2549300
31/01/2024,63614.75451,64561.40265,63330.76007,63425.42489,100,0.001494768,4441100
30/01/2024,63709.41933,63709.41933,63330.76007,63330.76007,-100,-0.001492537,1840400
29/01/2024,63520.0897,63709.41933,63330.76007,63425.42489,0,0,2153800
26/01/2024,63425.42489,63898.74895,63425.42489,63425.42489,100,0.001494768,1675800
25/01/2024,63804.08414,63898.74895,63330.76007,63330.76007,-400,-0.005943536,2800500
24/01/2024,64182.74339,64372.07302,63614.75451,63709.41933,-400,-0.005908419,2083500
23/01/2024,64656.06746,64656.06746,63993.41377,64088.07858,-600,-0.008784773,2252000
22/01/2024,64372.07302,65034.72671,64372.07302,64656.06746,300,0.004411765,1959800
19/01/2024,63804.08414,64940.0619,63804.08414,64372.07302,600,0.008902077,2809900
18/01/2024,63709.41933,64182.74339,63709.41933,63804.08414,300,0.004470939,3008200
17/01/2024,63898.74895,64277.40821,63425.42489,63520.0897,-300,-0.004451039,1916400
16/01/2024,63425.42489,63804.08414,63141.43045,63804.08414,400,0.005970149,2072400
15/01/2024,63614.75451,63898.74895,63425.42489,63425.42489,-200,-0.00297619,2336501
12/1/2024,63993.41377,64277.40821,63425.42489,63614.75451,-700,-0.010309278,3283000
11/1/2024,63898.74895,64845.39709,63898.74895,64277.40821,400,0.005925926,2083900
10/1/2024,64466.73783,64466.73783,63804.08414,63898.74895,-600,-0.008810573,3006600
9/1/2024,64561.40265,64845.39709,64372.07302,64466.73783,-100,-0.001466276,2579400
8/1/2024,65318.72115,65413.38597,64561.40265,64561.40265,-600,-0.00872093,2396400
5/1/2024,65602.71559,65602.71559,64845.39709,65129.39153,-200,-0.002898551,1775700
4/1/2024,65413.38597,65792.04522,65318.72115,65318.72115,0,0,3401500
3/1/2024,64750.73227,65318.72115,64372.07302,65318.72115,700,0.010248902,1979801
2/1/2024,64561.40265,64845.39709,64277.40821,64656.06746,700,0.01035503,2142800
29/12/2023,65034.72671,65034.72671,63993.41377,63993.41377,-900,-0.013138686,2257800
28/12/2023,63898.74895,64845.39709,63898.74895,64845.39709,1000,0.014814815,2873700
27/12/2023,64372.07302,64561.40265,63898.74895,63898.74895,0,0,1736400
26/12/2023,64180.6552,64368.5927,63898.74895,63898.74895,100,0.001472754,1975400
25/12/2023,63522.87396,64556.53019,63522.87396,63804.78021,300,0.00443787,3128279
22/12/2023,63710.81146,63992.7177,63428.90521,63522.87396,-200,-0.002949853,2620700
21/12/2023,63804.78021,64180.6552,63710.81146,63710.81146,-300,-0.004405286,2875900
20/12/2023,62959.06147,64086.68645,62959.06147,63992.7177,1100,0.01641791,2623900
19/12/2023,63053.03022,63334.93646,62301.28023,62959.06147,0,0,3151900
18/12/2023,63992.7177,64086.68645,62959.06147,62959.06147,-1100,-0.016152717,3613100
15/12/2023,64368.5927,64462.56145,63992.7177,63992.7177,-300,-0.004385965,4122500
14/12/2023,64274.62395,64744.46769,64086.68645,64274.62395,200,0.002932551,1462000
13/12/2023,65402.24893,65496.21768,63992.7177,64086.68645,-1200,-0.017291066,4601000
12/12/2023,65778.12392,65872.09267,64838.43644,65214.31143,-600,-0.008571429,2788700
11/12/2023,66247.96767,66247.96767,65684.15518,65778.12392,1000,0.014492754,4764500
8/12/2023,64274.62395,65120.34268,63898.74895,64838.43644,600,0.00877193,3729400
7/12/2023,64650.49894,64650.49894,63428.90521,64274.62395,-100,-0.001459854,3921300
6/12/2023,63992.7177,64462.56145,63992.7177,64368.5927,400,0.005873715,1606600
5/12/2023,64650.49894,64838.43644,63898.74895,63992.7177,-700,-0.010174419,2302100
4/12/2023,64368.5927,65308.28018,64274.62395,64650.49894,400,0.005847953,3006800
1/12/2023,63898.74895,64368.5927,63616.84271,64274.62395,1000,0.014836795,1558800
30/11/2023,64274.62395,64556.53019,63334.93646,63334.93646,-1000,-0.014619883,2630600
29/11/2023,64368.5927,64650.49894,64086.68645,64274.62395,-100,-0.001459854,1419153
28/11/2023,63992.7177,64368.5927,63428.90521,64368.5927,400,0.005873715,1957253
27/11/2023,64180.6552,64274.62395,63804.78021,63992.7177,-200,-0.002928258,1333300
24/11/2023,64462.56145,64744.46769,63522.87396,64180.6552,-400,-0.005822416,3128900
23/11/2023,65590.18643,65684.15518,64556.53019,64556.53019,-700,-0.010086455,1653100
22/11/2023,65308.28018,65966.06142,64838.43644,65214.31143,-100,-0.001438849,1533200
21/11/2023,65214.31143,65590.18643,64744.46769,65308.28018,200,0.002886003,2989800
20/11/2023,65026.37394,65684.15518,64838.43644,65120.34268,-700,-0.01,2001000
17/11/2023,66717.81141,66811.78016,65026.37394,65778.12392,-300,-0.004267425,2335800
16/11/2023,66341.93641,66999.71765,65684.15518,66060.03017,-400,-0.005657709,2368200
15/11/2023,65778.12392,67469.5614,65778.12392,66435.90516,1800,0.026124819,3949400
14/11/2023,64838.43644,65214.31143,64086.68645,64744.46769,200,0.002911208,2996000
13/11/2023,65496.21768,65778.12392,64462.56145,64556.53019,-900,-0.012931034,1730800
10/11/2023,66529.87391,66529.87391,65402.24893,65402.24893,-1100,-0.015558699,2833100
9/11/2023,67281.6239,67751.46764,66435.90516,66435.90516,-700,-0.009803922,3420100
8/11/2023,66529.87391,67187.65515,65590.18643,67093.6864,600,0.008474576,2339600
7/11/2023,66247.96767,66529.87391,65590.18643,66529.87391,-200,-0.002816901,1474700
6/11/2023,65966.06142,67187.65515,65872.09267,66717.81141,1000,0.014285714,1136800
3/11/2023,66623.84266,66623.84266,65590.18643,65778.12392,-900,-0.012693935,1692700
2/11/2023,66247.96767,66623.84266,65590.18643,66623.84266,500,0.007102273,2390200
1/11/2023,64838.43644,66247.96767,63804.78021,66153.99892,2400,0.035294118,2337200
31/10/2023,63804.78021,65308.28018,63522.87396,63898.74895,400,0.00591716,2183600
30/10/2023,63804.78021,63898.74895,63053.03022,63522.87396,-400,-0.005882353,1112000
27/10/2023,63240.96772,63898.74895,62583.18648,63898.74895,1000,0.014925373,1811000
26/10/2023,64368.5927,64462.56145,61925.40524,62959.06147,-2000,-0.028985507,5201700
25/10/2023,66060.03017,66529.87391,64838.43644,64838.43644,-1300,-0.018492176,2477700
24/10/2023,65966.06142,66529.87391,65872.09267,66060.03017,100,0.001424501,1099508
23/10/2023,67375.59265,67657.49889,65872.09267,65966.06142,-2100,-0.029045643,2804900
20/10/2023,66999.71765,68127.34264,65966.06142,67939.40514,900,0.012605042,2371808
19/10/2023,68973.06137,68973.06137,66623.84266,67093.6864,-2500,-0.033829499,4007700
18/10/2023,70288.62385,70288.62385,68033.37389,69442.90511,-900,-0.012032086,2572400
17/10/2023,70758.46759,71510.21758,70288.62385,70288.62385,-400,-0.005319149,1595900
16/10/2023,70570.5301,71228.31133,70194.6551,70664.49884,-600,-0.007915567,1374400
13/10/2023,70852.43634,71698.15508,70476.56135,71228.31133,300,0.00397351,1560000
12/10/2023,70006.7176,71322.28008,70006.7176,70946.40509,1100,0.014784946,2534800
11/10/2023,70100.68635,70288.62385,69536.87386,69912.74886,0,0,1898774
10/10/2023,69818.78011,70476.56135,69536.87386,69912.74886,700,0.009497965,1123900
9/10/2023,69536.87386,69630.84261,69160.99887,69254.96762,-500,-0.006738544,1621374
6/10/2023,68315.28013,69724.81136,68221.31138,69724.81136,1500,0.020632737,1327000
5/10/2023,69630.84261,69912.74886,68315.28013,68315.28013,-1700,-0.022849462,2645700
4/10/2023,69160.99887,70100.68635,68973.06137,69912.74886,400,0.005405405,1177900
3/10/2023,70100.68635,70570.5301,69442.90511,69536.87386,-1600,-0.021164021,2013700
2/10/2023,69724.81136,71040.37384,69724.81136,71040.37384,1400,0.018867925,1304901
29/09/2023,70476.56135,71792.12383,69724.81136,69724.81136,-600,-0.00802139,1403900
28/09/2023,71510.21758,71792.12383,70288.62385,70288.62385,-1800,-0.023498695,2034300
27/09/2023,71698.15508,71980.06132,70288.62385,71980.06132,500,0.006570302,2273300
26/09/2023,72919.74881,73295.6238,71416.24883,71510.21758,-1500,-0.019329897,2634600
25/09/2023,72543.87381,73765.46754,72074.03007,72919.74881,100,0.001290323,2795503
22/09/2023,72449.90506,73577.53005,71228.31133,72825.78006,-500,-0.006410256,4361903
21/09/2023,73389.59255,73577.53005,72637.84256,73295.6238,-300,-0.003831418,2577902
20/09/2023,73671.49879,74047.37379,73295.6238,73577.53005,-600,-0.007604563,2403202
19/09/2023,73765.46754,74141.34254,72731.81131,74141.34254,0,0,2571703
18/09/2023,74329.28003,74987.06127,73953.40504,74141.34254,-600,-0.00754717,1499600
15/09/2023,74611.18628,76302.62375,74235.31129,74705.15503,100,0.001259446,5614800
14/09/2023,73765.46754,75174.99877,73671.49879,74611.18628,300,0.003792668,2660100
13/09/2023,74799.12378,75456.90502,73953.40504,74329.28003,-1200,-0.01494396,2507600
12/9/2023,74235.31129,75832.78001,73577.53005,75456.90502,800,0.010062893,2708500
11/9/2023,75174.99877,76208.655,72919.74881,74705.15503,-500,-0.00625,4234900
8/9/2023,74423.24878,75268.96752,74329.28003,75174.99877,500,0.006289308,2774901
7/9/2023,75081.03002,75174.99877,73859.43629,74705.15503,-500,-0.00625,3726700
6/9/2023,75268.96752,75268.96752,74705.15503,75174.99877,-100,-0.001248439,2280401
5/9/2023,73765.46754,75644.84251,73389.59255,75268.96752,2300,0.029562982,6839901
31/08/2023,72825.78006,74141.34254,72449.90506,73107.6863,0,0,4386000
30/08/2023,72355.93632,73765.46754,71886.09257,73107.6863,400,0.005167959,2659700
29/08/2023,72825.78006,72919.74881,71604.18633,72731.81131,-500,-0.006418485,4199901
28/08/2023,70476.56135,73389.59255,70476.56135,73201.65505,3000,0.040053405,6039700
25/08/2023,70758.46759,70758.46759,69818.78011,70382.5926,200,0.002677376,3045401
24/08/2023,69067.03012,70382.5926,68597.18638,70194.6551,1200,0.016326531,5206002
23/08/2023,68033.37389,69160.99887,67281.6239,69067.03012,800,0.011004127,4172801
22/08/2023,68785.12387,68785.12387,66811.78016,68315.28013,-200,-0.002743484,3075108
21/08/2023,68315.28013,69348.93637,68315.28013,68503.21763,-400,-0.005457026,3617708
18/08/2023,69067.03012,70288.62385,67751.46764,68879.09262,-300,-0.004076087,7106201
17/08/2023,68691.15513,70006.7176,68503.21763,69160.99887,500,0.006839945,4650904
16/08/2023,68409.24888,69067.03012,68127.34264,68691.15513,300,0.004120879,2083904
15/08/2023,68503.21763,68973.06137,68315.28013,68409.24888,-600,-0.008174387,2259703
14/08/2023,68973.06137,69067.03012,68127.34264,68973.06137,-100,-0.001360544,3366511
11/8/2023,68691.15513,69067.03012,68033.37389,69067.03012,400,0.005471956,2204332
10/8/2023,68691.15513,69536.87386,68503.21763,68691.15513,0,0,2813226
9/8/2023,70006.7176,70006.7176,68409.24888,68691.15513,-1400,-0.018791946,3727162
8/8/2023,70194.6551,70382.5926,69442.90511,70006.7176,-400,-0.005340454,3510526
7/8/2023,68503.21763,70382.5926,67939.40514,70382.5926,1900,0.026027397,5087933
4/8/2023,68127.34264,68597.18638,67657.49889,68597.18638,400,0.005509642,3165220
3/8/2023,69630.84261,69630.84261,68221.31138,68221.31138,-1100,-0.014925373,2917624
2/8/2023,69117.03977,69571.75713,68480.43545,69207.98324,100,0.001315789,5698936
1/8/2023,70935.90924,70935.90924,69117.03977,69117.03977,-2000,-0.025641026,5730817
31/07/2023,70299.30492,71299.68313,70208.36145,70935.90924,600,0.007751938,3814939
28/07/2023,68935.15282,70663.07881,68753.26587,70390.24839,1700,0.022457067,6143629
27/07/2023,68207.60503,68935.15282,68025.71809,68844.20935,700,0.009333333,6208219
26/07/2023,67661.94419,68389.49198,67571.00072,68207.60503,500,0.006711409,3189718
25/07/2023,66934.39641,67934.77461,66479.67904,67752.88767,900,0.012228261,6645914
24/07/2023,66843.45293,67298.1703,66661.56599,66934.39641,100,0.001360544,2535331
21/07/2023,66024.96167,66843.45293,65934.0182,66843.45293,900,0.012396694,3821822
20/07/2023,66024.96167,66206.84862,65752.13125,66024.96167,0,0,2600707
19/07/2023,65934.0182,66388.73557,65843.07473,66024.96167,200,0.002762431,3025100
18/07/2023,65934.0182,66024.96167,65661.18778,65843.07473,100,0.001383126,5537000
17/07/2023,66388.73557,66934.39641,65661.18778,65752.13125,-1000,-0.013642565,5802800
14/07/2023,66570.62251,66752.50946,65570.24431,66661.56599,200,0.002735978,7399700
13/07/2023,66752.50946,67116.28335,66297.79209,66479.67904,-400,-0.005442177,4376500
12/7/2023,66297.79209,66843.45293,66024.96167,66843.45293,700,0.009615385,4195800
11/7/2023,65570.24431,66752.50946,65206.47041,66206.84862,700,0.009708738,6235300
10/7/2023,64933.63999,66115.90515,64751.75305,65570.24431,1200,0.016925247,6201102
7/7/2023,64297.03568,64751.75305,64024.20526,64478.92263,400,0.005673759,5780500
6/7/2023,63569.48789,64297.03568,63478.54442,64115.14873,700,0.010028653,7631000
5/7/2023,64387.97915,64387.97915,63296.65747,63478.54442,-800,-0.011331445,6873600
4/7/2023,64115.14873,64751.75305,63751.37484,64206.09221,-100,-0.001414427,4923805
3/7/2023,64660.80957,64933.63999,63933.26178,64297.03568,-300,-0.004225352,3186200
30/06/2023,65388.35736,65479.30083,64387.97915,64569.8661,-900,-0.012517385,3645000
29/06/2023,64206.09221,65843.07473,63751.37484,65388.35736,1300,0.018413598,7911400
28/06/2023,64115.14873,64478.92263,63387.60094,64206.09221,100,0.00141844,6204700
27/06/2023,64387.97915,64387.97915,63296.65747,64115.14873,-100,-0.001416431,6128900
26/06/2023,63023.82705,64297.03568,62114.39232,64206.09221,1500,0.02170767,10737800
23/06/2023,60932.12716,63205.714,60932.12716,62841.9401,2200,0.032884903,11958000
22/06/2023,60477.4098,61204.95758,60295.52285,60841.18369,600,0.009049774,5610600
21/06/2023,59658.91854,60295.52285,59567.97506,60295.52285,800,0.01221374,4490900
20/06/2023,59931.74896,59931.74896,59567.97506,59567.97506,-300,-0.004559271,2993000
19/06/2023,60295.52285,60568.35327,59658.91854,59840.80548,-300,-0.004538578,3279400
16/06/2023,60477.4098,60568.35327,60022.69243,60113.6359,-200,-0.003016591,6021785
15/06/2023,61204.95758,61295.90106,60204.57938,60295.52285,-800,-0.011922504,5810400
14/06/2023,61568.73148,62023.44884,61023.07064,61023.07064,-500,-0.00739645,5404900
13/06/2023,61932.50537,62114.39232,61386.84453,61477.788,-300,-0.004418262,4973400
12/6/2023,60022.69243,61841.5619,60022.69243,61750.61842,2100,0.031914894,5471300
9/6/2023,59658.91854,60477.4098,59567.97506,59840.80548,300,0.004580153,2080200
8/6/2023,60477.4098,60477.4098,59567.97506,59567.97506,-700,-0.010574018,5180900
7/6/2023,60477.4098,60659.29674,60022.69243,60204.57938,-200,-0.003012048,3719000
6/6/2023,60841.18369,60841.18369,60022.69243,60386.46632,-100,-0.001503759,3423000
5/6/2023,60477.4098,61114.01411,60204.57938,60477.4098,600,0.009104704,3323000
2/6/2023,60204.57938,60295.52285,59567.97506,59931.74896,-200,-0.003025719,3138500
1/6/2023,60113.6359,60477.4098,60022.69243,60113.6359,0,0,1214500
31/05/2023,60750.24022,60750.24022,60113.6359,60113.6359,-400,-0.006015038,1536600
30/05/2023,61023.07064,61295.90106,60477.4098,60477.4098,-600,-0.008941878,3248000
29/05/2023,61204.95758,61568.73148,61023.07064,61023.07064,0,0,2348900
26/05/2023,61295.90106,61841.5619,61023.07064,61023.07064,0,0,2118800
25/05/2023,60204.57938,61386.84453,60022.69243,61023.07064,800,0.012066365,1970600
24/05/2023,61023.07064,61295.90106,60113.6359,60295.52285,-700,-0.010447761,2350000
23/05/2023,61841.5619,62205.33579,60932.12716,60932.12716,-1200,-0.017595308,2935700
22/05/2023,62478.16621,62750.99663,62023.44884,62023.44884,-400,-0.005830904,1698000
19/05/2023,63114.77052,63205.714,62387.22274,62387.22274,-600,-0.00867052,1329500
18/05/2023,62750.99663,63660.43136,62296.27926,62932.88358,200,0.002898551,2622200
17/05/2023,63387.60094,63387.60094,62569.10968,62750.99663,-700,-0.010043042,1993000
16/05/2023,62750.99663,63387.60094,62750.99663,63387.60094,700,0.010144928,1947400
15/05/2023,63569.48789,63569.48789,62750.99663,62750.99663,-600,-0.00862069,2105600
12/5/2023,64024.20526,64024.20526,63205.714,63296.65747,-400,-0.005714286,1214100
11/5/2023,64115.14873,64478.92263,63660.43136,63660.43136,-500,-0.007092199,767500
10/5/2023,64387.97915,64660.80957,64115.14873,64115.14873,-200,-0.002828854,1451601
9/5/2023,64387.97915,64569.8661,64115.14873,64297.03568,300,0.004261364,2985200
8/5/2023,62750.99663,64024.20526,62750.99663,64024.20526,1600,0.023255814,1897300
5/5/2023,62387.22274,62932.88358,62387.22274,62569.10968,200,0.002915452,1786200
4/5/2023,63660.43136,63660.43136,62205.33579,62387.22274,-1400,-0.02,3172800
28/04/2023,63478.54442,63842.31831,63387.60094,63660.43136,500,0.007194245,2136300
27/04/2023,64569.8661,64569.8661,63205.714,63205.714,-1500,-0.021126761,1369100
26/04/2023,63660.43136,64569.8661,63660.43136,64569.8661,1100,0.015736767,5145618
25/04/2023,64115.14873,64933.63999,63478.54442,63569.48789,-600,-0.008510638,1370200
24/04/2023,64569.8661,64660.80957,63842.31831,64115.14873,-400,-0.005641749,1851900
21/04/2023,65479.30083,65479.30083,64387.97915,64478.92263,-1000,-0.013908206,1643300
20/04/2023,65570.24431,66024.96167,65297.41389,65388.35736,-100,-0.001388889,1322300
19/04/2023,66479.67904,66479.67904,65479.30083,65479.30083,-1000,-0.01369863,816300
18/04/2023,65297.41389,66388.73557,65297.41389,66388.73557,1300,0.018131102,1820300
17/04/2023,66206.84862,66297.79209,65206.47041,65206.47041,-1100,-0.01510989,1365400
14/04/2023,66934.39641,67025.33988,66206.84862,66206.84862,-700,-0.00952381,1294000
13/04/2023,67571.00072,67661.94419,66843.45293,66843.45293,-800,-0.01076716,1748200
12/4/2023,67661.94419,67661.94419,67298.1703,67571.00072,-100,-0.001344086,979100
11/4/2023,67571.00072,67752.88767,67389.11377,67661.94419,0,0,782800
10/4/2023,67934.77461,67934.77461,67661.94419,67661.94419,-300,-0.004016064,832700
7/4/2023,67661.94419,67934.77461,67571.00072,67934.77461,400,0.00538358,794400
6/4/2023,67661.94419,67843.83114,67571.00072,67571.00072,-200,-0.002684564,967300
5/4/2023,67480.05725,68025.71809,67389.11377,67752.88767,300,0.004043127,963400
4/4/2023,67661.94419,67752.88767,67480.05725,67480.05725,-200,-0.002688172,1819000
3/4/2023,67843.83114,68116.66156,67480.05725,67661.94419,0,0,850600
31/03/2023,68207.60503,68571.37893,67661.94419,67661.94419,-600,-0.008,1076100
30/03/2023,67934.77461,68571.37893,67843.83114,68207.60503,100,0.001335113,838700
29/03/2023,67934.77461,68116.66156,67661.94419,68116.66156,500,0.00672043,907400
28/03/2023,67752.88767,68480.43545,67661.94419,67661.94419,-200,-0.002680965,1650000
27/03/2023,68207.60503,68207.60503,67571.00072,67843.83114,-400,-0.005333333,1461500
24/03/2023,68207.60503,68662.3224,68025.71809,68207.60503,-300,-0.003984064,932300
23/03/2023,67571.00072,68480.43545,67298.1703,68480.43545,900,0.012096774,1805000
22/03/2023,67843.83114,67934.77461,67661.94419,67661.94419,0,0,900200
21/03/2023,67661.94419,68298.54851,67480.05725,67661.94419,100,0.001345895,1350200
20/03/2023,68207.60503,68207.60503,67389.11377,67571.00072,-200,-0.002684564,1609600
17/03/2023,69480.81366,69480.81366,67752.88767,67752.88767,-1900,-0.02486911,2512800
16/03/2023,70026.4745,70117.41797,69026.09629,69480.81366,-700,-0.009079118,1895200
15/03/2023,69662.70061,70299.30492,69571.75713,70117.41797,500,0.006527415,2040200
14/03/2023,69389.87019,69935.53103,68753.26587,69662.70061,-300,-0.00390117,1735100
13/03/2023,69844.58755,70117.41797,69662.70061,69935.53103,0,0,1824500
10/3/2023,69571.75713,70208.36145,69207.98324,69935.53103,400,0.005228758,1427700
9/3/2023,69298.92671,70117.41797,69298.92671,69571.75713,0,0,1489700
8/3/2023,68389.49198,69571.75713,68207.60503,69571.75713,700,0.009234828,1244400
7/3/2023,69026.09629,69298.92671,68662.3224,68935.15282,800,0.010666667,1170900
6/3/2023,69117.03977,69662.70061,68207.60503,68207.60503,-1000,-0.013157895,891800
3/3/2023,68207.60503,69844.58755,68207.60503,69117.03977,-500,-0.006535948,704200
2/3/2023,69935.53103,69935.53103,69207.98324,69571.75713,-400,-0.00520156,1088800
1/3/2023,68298.54851,70026.4745,68207.60503,69935.53103,1400,0.018543046,1635500
28/02/2023,68662.3224,69026.09629,68298.54851,68662.3224,300,0.003989362,1034300
27/02/2023,67934.77461,69026.09629,67298.1703,68389.49198,500,0.00669344,1112500
24/02/2023,68844.20935,69117.03977,67752.88767,67934.77461,-1000,-0.01321004,1681000
23/02/2023,68662.3224,69935.53103,67661.94419,68844.20935,200,0.002649007,2327900
22/02/2023,69389.87019,69753.64408,68662.3224,68662.3224,-1700,-0.022020725,1383600
21/02/2023,70481.19187,70572.13534,69753.64408,70208.36145,-300,-0.003870968,888300
20/02/2023,69117.03977,70481.19187,68662.3224,70481.19187,1500,0.019736842,1385300
17/02/2023,69207.98324,69480.81366,68480.43545,69117.03977,-500,-0.006535948,943900
16/02/2023,69117.03977,69571.75713,68753.26587,69571.75713,500,0.006578947,691300
15/02/2023,67934.77461,69117.03977,67661.94419,69117.03977,1300,0.017402945,1443500
14/02/2023,68480.43545,68844.20935,67661.94419,67934.77461,-600,-0.007968127,1193500
13/02/2023,69026.09629,69026.09629,67389.11377,68480.43545,-600,-0.007905138,1637632
10/2/2023,68207.60503,69026.09629,68207.60503,69026.09629,900,0.012,1236100
9/2/2023,68935.15282,69117.03977,68207.60503,68207.60503,-800,-0.01055409,1619600
8/2/2023,69298.92671,69662.70061,68844.20935,68935.15282,-300,-0.003942181,1550000
7/2/2023,70572.13534,70572.13534,69207.98324,69207.98324,-1300,-0.016795866,1274400
6/2/2023,69026.09629,70481.19187,69026.09629,70390.24839,1400,0.018421053,1910700
3/2/2023,70026.4745,70117.41797,69026.09629,69117.03977,-700,-0.009126467,1967400
2/2/2023,70390.24839,70481.19187,69753.64408,69753.64408,-500,-0.006476684,1520400
1/2/2023,70663.07881,70754.02229,69935.53103,70208.36145,100,0.001297017,1810400
31/01/2023,72027.23092,72300.06134,69935.53103,70117.41797,-2300,-0.028967254,4947600
30/01/2023,72754.7787,72754.7787,72209.11786,72209.11786,-600,-0.0075,1614000
27/01/2023,74027.98733,74482.7047,72391.00481,72754.7787,-1300,-0.01599016,2331800
19/01/2023,73482.32649,74118.9308,72754.7787,73937.04386,0,0,2792100
18/01/2023,73573.26996,74118.9308,73391.38302,73937.04386,400,0.004944376,1397900
17/01/2023,72936.66565,73664.21344,72209.11786,73573.26996,1500,0.018891688,1791400
16/01/2023,73300.43954,73482.32649,72209.11786,72209.11786,-1200,-0.014888337,854700
13/01/2023,72936.66565,73755.15691,72845.72218,73300.43954,600,0.0075,1689000
12/1/2023,72663.83523,72936.66565,72118.17439,72754.7787,600,0.007556675,754900
11/1/2023,73664.21344,74209.87428,72209.11786,72209.11786,-1600,-0.019753086,1574700
10/1/2023,73573.26996,74118.9308,73300.43954,73664.21344,300,0.003717472,1216000
9/1/2023,72663.83523,73391.38302,72391.00481,73391.38302,900,0.011278195,948300
6/1/2023,73664.21344,73846.10038,72391.00481,72572.89176,-1400,-0.017241379,1309700
5/1/2023,72118.17439,74027.98733,71845.34397,73846.10038,1900,0.023959647,2469800
4/1/2023,71572.51355,72118.17439,71481.57008,72118.17439,800,0.010191083,1153800
3/1/2023,69571.75713,71390.6266,69298.92671,71390.6266,2400,0.031537451,1496000
30/12/2022,70935.90924,70935.90924,69207.98324,69207.98324,-900,-0.011688312,1243300
29/12/2022,70390.24839,71117.79618,70026.4745,70026.4745,,,1329700
28/12/2022,69753.64408,70935.90924,69662.70061,70026.4745,,,1248500
27/12/2022,69844.58755,70935.90924,69117.03977,69662.70061,,,1586800
26/12/2022,69480.81366,70572.13534,69026.09629,69117.03977,,,1717600
23/12/2022,70117.41797,71117.79618,69298.92671,69298.92671,,,1561800
22/12/2022,72118.17439,72300.06134,70026.4745,70026.4745,,,1630400
21/12/2022,71208.73966,72012.8534,71030.04771,71208.73966,,,2305500
20/12/2022,69064.43633,71208.73966,68707.05244,70315.27994,,,3030300
19/12/2022,70136.58799,70136.58799,68796.39841,68796.39841,,,2422700
16/12/2022,69421.82022,70404.62591,69332.47424,69689.85813,,,3002000
15/12/2022,69243.12827,70762.0098,69064.43633,69332.47424,,,2595300
14/12/2022,70940.70174,70940.70174,69243.12827,69243.12827,,,3865200
13/12/2022,70225.93396,70940.70174,68975.09036,69689.85813,,,4051300
12/12/2022,71744.81549,73174.35104,70047.24202,70136.58799,,,3942700
9/12/2022,72370.23729,73085.00507,71476.77757,71476.77757,,,2408500
8/12/2022,74157.15673,75050.61645,72370.23729,72370.23729,,,1677100
7/12/2022,74157.15673,75318.65437,73085.00507,73710.42687,,,1939600
6/12/2022,75944.07617,76033.42214,73710.42687,73710.42687,,,1395300
5/12/2022,75139.96242,76480.152,75139.96242,75944.07617,,,2066000
2/12/2022,73531.73493,75050.61645,73263.69701,75050.61645,,,2600500
1/12/2022,72906.31312,74067.81076,72906.31312,73621.0809,,,2216800
30/11/2022,74157.15673,74157.15673,72816.96715,73978.46479,,,1995600
29/11/2022,72638.27521,74425.19465,71923.50743,74157.15673,,,2404200
28/11/2022,73263.69701,74514.54062,72995.6591,72995.6591,,,2299200
25/11/2022,72638.27521,73889.11882,72370.23729,73442.38896,,,2596100
24/11/2022,70583.31785,72548.92924,70493.97188,72548.92924,,,3261400
23/11/2022,71030.04771,71208.73966,69957.89605,70940.70174,,,773100
22/11/2022,69243.12827,71655.46952,69153.7823,71030.04771,,,2281200
21/11/2022,68796.39841,69600.51216,68707.05244,69600.51216,,,1787400
18/11/2022,68796.39841,69511.16619,67634.90078,68796.39841,,,2229300
17/11/2022,68617.70647,69957.89605,67098.82495,67902.93869,,,2599500
16/11/2022,67456.20883,70404.62591,65937.32731,66562.74911,,,4122600
15/11/2022,70583.31785,70940.70174,68349.66855,68796.39841,,,2389600
14/11/2022,69689.85813,73263.69701,67992.28467,70583.31785,,,2766800
11/11/2022,70493.97188,71834.16146,70047.24202,70047.24202,,,1564400
10/11/2022,72280.89132,72370.23729,68796.39841,70047.24202,,,2637600
9/11/2022,73263.69701,73442.38896,71476.77757,72280.89132,,,2701100
8/11/2022,73442.38896,73621.0809,71119.39368,73621.0809,,,2501400
7/11/2022,71566.12354,73442.38896,71476.77757,73442.38896,,,2638300
4/11/2022,71387.4316,72370.23729,69689.85813,71476.77757,,,3179200
3/11/2022,69689.85813,72102.19938,69689.85813,71476.77757,,,1278300
2/11/2022,71655.46952,71744.81549,69957.89605,69957.89605,,,1830500
1/11/2022,70136.58799,73710.42687,70136.58799,71655.46952,,,3180100
31/10/2022,69421.82022,70136.58799,69064.43633,70136.58799,,,1949200
28/10/2022,70136.58799,70225.93396,69421.82022,69689.85813,,,1614400
27/10/2022,67902.93869,70136.58799,67902.93869,70136.58799,,,2283600
26/10/2022,67902.93869,68260.32258,67545.55481,67902.93869,,,1467000
25/10/2022,66205.36523,68617.70647,66205.36523,67902.93869,,,1657600
24/10/2022,68975.09036,68975.09036,66116.01925,66116.01925,,,2342300
21/10/2022,69243.12827,70047.24202,68349.66855,68796.39841,,,2097600
20/10/2022,68439.01453,69243.12827,67724.24675,69243.12827,,,2664900
19/10/2022,67992.28467,68617.70647,67992.28467,68439.01453,,,1467000
18/10/2022,67009.47897,68796.39841,66741.44106,68349.66855,,,3172000
17/10/2022,65937.32731,67098.82495,65847.98134,66205.36523,,,1812700
14/10/2022,66116.01925,66562.74911,65847.98134,66116.01925,,,1746000
13/10/2022,63435.6401,65937.32731,63256.94815,65937.32731,,,3171000
12/10/2022,62988.91024,64061.0619,62631.52635,63971.71593,,,1274000
11/10/2022,62988.91024,63882.36996,62184.79649,62720.87232,,,1718400
10/10/2022,61201.9908,63882.36996,60219.1851,62988.91024,,,1661900
7/10/2022,61916.75857,63703.67801,59415.07136,62363.48843,,,2685300
6/10/2022,63703.67801,63793.02398,62542.18038,62542.18038,,,1819500
5/10/2022,63435.6401,64329.09981,63435.6401,63971.71593,,,1493400
4/10/2022,64150.40787,64150.40787,62542.18038,63346.29412,,,1755300
3/10/2022,64239.75384,64775.82967,63435.6401,63435.6401,,,2339100
30/09/2022,64239.75384,65490.59745,64239.75384,64597.13773,,,2643400
29/09/2022,65133.21356,65669.28939,64507.79176,64954.52162,,,2375100
28/09/2022,64329.09981,65222.55953,63346.29412,64150.40787,,,2145700
27/09/2022,66562.74911,66920.133,64597.13773,64686.4837,,,3111500
26/09/2022,67724.24675,68081.63064,65847.98134,66116.01925,,,3886000
23/09/2022,68796.39841,69064.43633,68349.66855,68528.3605,,,1398600
22/09/2022,68439.01453,68885.74439,67902.93869,68707.05244,,,1033500
21/09/2022,67634.90078,69332.47424,67545.55481,68707.05244,,,2477500
20/09/2022,67277.51689,68081.63064,67277.51689,67724.24675,,,1139700
19/09/2022,67545.55481,67634.90078,66920.133,67188.17092,,,1418000
16/09/2022,66741.44106,67902.93869,66473.40314,67902.93869,,,2308600
15/09/2022,66205.36523,67188.17092,66205.36523,66562.74911,,,1207500
14/09/2022,66920.133,67009.47897,65937.32731,66116.01925,,,2037900
13/09/2022,67188.17092,67902.93869,67188.17092,67634.90078,,,1556500
12/9/2022,67902.93869,68081.63064,67277.51689,67277.51689,,,1386100
9/9/2022,67813.59272,68349.66855,67456.20883,67813.59272,,,1188500
8/9/2022,67902.93869,68349.66855,67188.17092,67634.90078,,,1351100
7/9/2022,69511.16619,69511.16619,67634.90078,67634.90078,,,2916400
6/9/2022,69243.12827,70583.31785,69064.43633,69511.16619,,,2669000
5/9/2022,67456.20883,69511.16619,67456.20883,69243.12827,,,3169400
31/08/2022,67813.59272,68260.32258,67456.20883,67456.20883,,,1677100
30/08/2022,67456.20883,68260.32258,67456.20883,67902.93869,,,2275076
29/08/2022,67992.28467,68170.97661,67366.86286,67456.20883,,,3331964
26/08/2022,69511.16619,69779.2041,68081.63064,68707.05244,,,2463000
25/08/2022,69600.51216,69957.89605,68796.39841,69600.51216,,,2182100
24/08/2022,67724.24675,69957.89605,67724.24675,69421.82022,,,6069100
23/08/2022,65847.98134,67813.59272,65758.63537,67724.24675,,,4551200
22/08/2022,66205.36523,66830.78703,65847.98134,65847.98134,,,2171700
19/08/2022,65579.94342,66562.74911,65133.21356,66205.36523,,,5351600
18/08/2022,64865.17565,65758.63537,64865.17565,65579.94342,,,4230600
17/08/2022,64150.40787,64865.17565,64061.0619,64865.17565,,,1484400
16/08/2022,64150.40787,64686.4837,64061.0619,64150.40787,,,3021756
15/08/2022,64329.09981,64329.09981,63703.67801,63882.36996,,,2525800
12/8/2022,63435.6401,64239.75384,63435.6401,64239.75384,,,2175100
11/8/2022,64865.17565,64865.17565,63167.60218,63524.98607,,,4084600
10/8/2022,64329.09981,64865.17565,64329.09981,64775.82967,,,2358800
9/8/2022,64507.79176,64686.4837,64329.09981,64329.09981,,,2408800
8/8/2022,64775.82967,64775.82967,64418.44579,64507.79176,,,2795800
5/8/2022,65490.59745,65579.94342,64865.17565,64865.17565,,,2135400
4/8/2022,65579.94342,65579.94342,65043.86759,65490.59745,,,1888600
3/8/2022,65043.86759,65669.28939,64775.82967,65579.94342,,,3134700
2/8/2022,65579.94342,66294.7112,64954.52162,65579.94342,,,3059100
1/8/2022,65043.86759,65669.28939,64507.79176,65669.28939,,,3078600
29/07/2022,64954.52162,65758.63537,64686.4837,65043.86759,,,2872000
28/07/2022,64775.82967,65043.86759,64597.13773,64865.17565,,,1532500
27/07/2022,64329.09981,64865.17565,64150.40787,64507.79176,,,1222700
26/07/2022,65133.21356,65222.55953,64150.40787,64329.09981,,,1676900
25/07/2022,64329.09981,65133.21356,64150.40787,65133.21356,,,1242600
22/07/2022,65401.25148,65401.25148,64329.09981,64329.09981,,,1154300
21/07/2022,64775.82967,65758.63537,64507.79176,65401.25148,,,1720500
20/07/2022,65401.25148,65758.63537,65043.86759,65222.55953,,,1167800
19/07/2022,64329.09981,65133.21356,63971.71593,65043.86759,,,2050600
18/07/2022,64329.09981,64507.79176,63882.36996,64061.0619,,,1106700
15/07/2022,64686.4837,65222.55953,63971.71593,63971.71593,,,1658900
14/07/2022,64597.13773,65401.25148,64507.79176,64686.4837,,,1168520
13/07/2022,65401.25148,65758.63537,64686.4837,64775.82967,,,1483500
12/7/2022,65222.55953,66026.67328,64865.17565,65490.59745,,,1186100
11/7/2022,64507.79176,66741.44106,64329.09981,65222.55953,,,2556900
8/7/2022,65222.55953,65490.59745,64775.82967,65222.55953,,,1853200
7/7/2022,63167.60218,65222.55953,62542.18038,65222.55953,,,3049600
6/7/2022,63435.6401,63882.36996,62095.45052,63167.60218,,,2360100
5/7/2022,65022.66167,65109.01315,63036.57772,63122.92919,,,2590800
4/7/2022,63900.09248,65454.41905,63727.38953,64849.95872,,,3259300
1/7/2022,62432.11738,63813.741,62173.06295,63641.03805,,,2859000
30/06/2022,62432.11738,64590.90429,62345.76591,62345.76591,,,3807600
29/06/2022,60964.14228,62777.52329,60964.14228,62432.11738,,,2515400
28/06/2022,60964.14228,62777.52329,60532.3849,61136.84524,,,3037200
27/06/2022,62000.36,62259.41443,60705.08786,61395.89967,,,1804300
24/06/2022,61309.54819,62950.22624,61223.19671,61741.30557,,,1777600
23/06/2022,60964.14228,62173.06295,60446.03343,61050.49376,,,1223100
22/06/2022,63122.92919,63381.98362,60964.14228,60964.14228,,,2214000
21/06/2022,59755.22162,63727.38953,59409.81571,63641.03805,,,5715800
20/06/2022,57337.38028,60186.979,57337.38028,59582.51866,,,2588200
17/06/2022,57769.13766,59237.11276,56301.16256,57596.43471,,,2586800
16/06/2022,56214.81109,58978.05833,56128.45961,58719.0039,,,2260500
15/06/2022,57078.32585,57423.73176,55696.70223,55696.70223,,,4092500
14/06/2022,56560.21699,58287.24652,56473.86552,57078.32585,,,1477200
13/06/2022,59064.40981,59064.40981,57164.67733,57337.38028,,,2379700
10/6/2022,60446.03343,60618.73638,60014.27605,60014.27605,,,1656600
9/6/2022,61309.54819,61395.89967,60618.73638,60618.73638,,,1271600
8/6/2022,61050.49376,61654.9541,61050.49376,61309.54819,,,1817600
7/6/2022,60705.08786,61050.49376,60446.03343,60964.14228,,,1322200
6/6/2022,60618.73638,61482.25114,60446.03343,61136.84524,,,1432000
3/6/2022,61309.54819,61568.60262,60446.03343,60705.08786,,,1251100
2/6/2022,62173.06295,62173.06295,61136.84524,61395.89967,,,1700700
1/6/2022,61741.30557,62691.17181,61568.60262,62086.71148,,,1643600
31/05/2022,62259.41443,62518.46886,61914.00852,61914.00852,,,2382400
30/05/2022,62950.22624,62950.22624,62173.06295,62604.82033,,,2224400
27/05/2022,61568.60262,63295.63215,61050.49376,63036.57772,,,3755500
26/05/2022,62086.71148,62086.71148,61050.49376,61568.60262,,,1590800
25/05/2022,59496.16719,62432.11738,59496.16719,62086.71148,,,2462100
24/05/2022,57596.43471,59496.16719,57423.73176,59496.16719,,,2033000
23/05/2022,59150.76128,59323.46423,57164.67733,57251.0288,,,2022200
20/05/2022,59582.51866,60359.68195,58719.0039,58805.35538,,,1396200
19/05/2022,60014.27605,60446.03343,59582.51866,59582.51866,,,1449400
18/05/2022,60446.03343,60877.79081,60014.27605,60705.08786,,,1983200
17/05/2022,56646.56847,60446.03343,56301.16256,60446.03343,,,2205100
16/05/2022,57510.08323,58373.598,56732.91994,56819.27142,,,2688000
13/05/2022,57855.48914,58546.30095,56905.6229,57078.32585,,,5002100
12/5/2022,60273.33047,60273.33047,57423.73176,57423.73176,,,3641800
11/5/2022,60964.14228,61395.89967,60014.27605,60014.27605,,,2247300
10/5/2022,60446.03343,62086.71148,60446.03343,60964.14228,,,3106500
9/5/2022,60618.73638,61741.30557,60100.62752,60446.03343,,,2392100
6/5/2022,61654.9541,61827.65705,60014.27605,60618.73638,,,2109800
5/5/2022,63209.28067,63209.28067,61741.30557,62259.41443,,,1548200
4/5/2022,64072.79543,64245.49839,62604.82033,62604.82033,,,1763900
29/04/2022,64245.49839,64763.60724,63900.09248,64072.79543,,,2059100
28/04/2022,64677.25577,64677.25577,63727.38953,64159.14691,,,2751000
27/04/2022,64936.3102,65454.41905,63641.03805,64763.60724,,,2420900
26/04/2022,63468.3351,65627.12201,61223.19671,65540.77053,,,3910000
25/04/2022,65627.12201,65886.17644,63036.57772,63468.3351,,,3481800
22/04/2022,65368.06758,66058.87939,65195.36462,65540.77053,,,2800400
21/04/2022,65022.66167,66058.87939,64763.60724,64763.60724,,,4615600
20/04/2022,65627.12201,66231.58234,65281.7161,65281.7161,,,1931100
19/04/2022,66576.98825,67095.0971,65627.12201,65627.12201,,,1940200
18/04/2022,66058.87939,67267.80006,65972.52791,66490.63677,,,2590300
15/04/2022,66058.87939,67008.74563,65627.12201,66058.87939,,,1362400
14/04/2022,66922.39415,67354.15153,65886.17644,65886.17644,,,1810200
13/04/2022,66317.93382,67785.90891,66231.58234,66663.33972,,,2118800
12/4/2022,66749.6912,67181.44858,66058.87939,66317.93382,,,1776300
8/4/2022,67785.90891,68304.01777,66749.6912,66749.6912,,,2738300
7/4/2022,68994.82958,69081.18106,67785.90891,67785.90891,,,1760300
6/4/2022,69081.18106,70117.39878,68304.01777,68476.72072,,,4306700
5/4/2022,70635.50763,70635.50763,69426.58696,69426.58696,,,2202100
4/4/2022,70808.21059,71239.96797,70376.4532,70980.91354,,,3808700
1/4/2022,69944.69582,71412.67092,69340.23549,70549.15616,,,6112000
31/03/2022,65799.82496,69944.69582,65627.12201,69858.34435,,,9645800
30/03/2022,65195.36462,66145.23086,64849.95872,65799.82496,,,3506500
29/03/2022,63468.3351,65195.36462,63468.3351,65195.36462,,,2784940
28/03/2022,65022.66167,65281.7161,63381.98362,63381.98362,,,4038700
25/03/2022,65281.7161,65454.41905,64849.95872,64936.3102,,,3376500
24/03/2022,65627.12201,65713.47348,64936.3102,65281.7161,,,3409808
23/03/2022,66317.93382,66490.63677,65540.77053,65713.47348,,,3226000
22/03/2022,67267.80006,67267.80006,66317.93382,66404.28529,,,2500200
21/03/2022,65627.12201,67267.80006,65627.12201,67008.74563,,,2384100
18/03/2022,66145.23086,66490.63677,65627.12201,65627.12201,,,4759000
17/03/2022,67008.74563,67181.44858,65972.52791,65972.52791,,,1777400
16/03/2022,66663.33972,67354.15153,66490.63677,66749.6912,,,2450400
15/03/2022,66490.63677,66922.39415,65886.17644,66663.33972,,,2279100
14/03/2022,67354.15153,67354.15153,66404.28529,66663.33972,,,2182310
11/3/2022,66663.33972,67785.90891,66576.98825,67354.15153,,,2322900
10/3/2022,65627.12201,67267.80006,65627.12201,66576.98825,,,2971800
9/3/2022,65627.12201,66317.93382,64763.60724,64849.95872,,,3192780
8/3/2022,65886.17644,66058.87939,65627.12201,65713.47348,,,2383000
7/3/2022,67267.80006,67267.80006,66231.58234,66317.93382,,,4199800
4/3/2022,67699.55744,67699.55744,67181.44858,67267.80006,,,3120400
3/3/2022,67958.61187,68217.6663,67526.85449,67699.55744,,,1933200
2/3/2022,68390.36925,68390.36925,67354.15153,67785.90891,,,2392300
1/3/2022,67699.55744,68563.0722,67526.85449,68390.36925,,,1412500
28/02/2022,68131.31482,68217.6663,67181.44858,67699.55744,,,2280500
25/02/2022,68217.6663,68649.42368,68131.31482,68131.31482,,,1347700
24/02/2022,69081.18106,69081.18106,67785.90891,67872.26039,,,2723500
23/02/2022,69081.18106,69512.93844,68908.47811,69081.18106,,,2200300
22/02/2022,69858.34435,69944.69582,68822.12663,69081.18106,,,3204500
21/02/2022,69858.34435,70462.80468,69858.34435,69944.69582,,,1280600
18/02/2022,69167.53254,69771.99287,69167.53254,69599.28992,,,1808100
17/02/2022,69512.93844,70117.39878,69426.58696,69771.99287,,,2087700
16/02/2022,70117.39878,70203.75025,69340.23549,69426.58696,,,2825100
15/02/2022,70031.0473,70376.4532,69944.69582,70117.39878,,,1465300
14/02/2022,70376.4532,70808.21059,69944.69582,70031.0473,,,3031800
11/2/2022,71239.96797,71326.31944,70721.85911,70808.21059,,,2222698
10/2/2022,71499.0224,71930.77978,71067.26501,71412.67092,,,1612500
9/2/2022,70808.21059,72276.18568,70808.21059,71499.0224,,,1919300
8/2/2022,72017.13125,72103.48273,70808.21059,70808.21059,,,3640900
7/2/2022,71844.4283,72535.24011,71585.37387,72103.48273,,,1703100
28/01/2022,71671.72535,72707.94306,71499.0224,71758.07683,,,2971300
27/01/2022,69167.53254,72017.13125,69167.53254,71758.07683,,,2039000
26/01/2022,68476.72072,69512.93844,68476.72072,68822.12663,,,1452100
25/01/2022,69512.93844,69944.69582,68304.01777,68390.36925,,,3922100
24/01/2022,71326.31944,71412.67092,69944.69582,69944.69582,,,2442120
21/01/2022,71671.72535,71930.77978,71239.96797,71326.31944,,,1796400
20/01/2022,71671.72535,71930.77978,71585.37387,71671.72535,,,1488400
19/01/2022,71585.37387,72103.48273,71412.67092,72017.13125,,,2064900
18/01/2022,71585.37387,72103.48273,71326.31944,72017.13125,,,2100400
17/01/2022,73398.75488,73398.75488,71585.37387,71585.37387,,,2100400
14/01/2022,71758.07683,73485.10635,71412.67092,73139.70045,,,2760800
13/01/2022,72017.13125,72276.18568,71585.37387,71758.07683,,,2109000
12/1/2022,72362.53716,72362.53716,71412.67092,71758.07683,,,2322300
11/1/2022,72189.83421,72535.24011,72103.48273,72276.18568,,,1972400
10/1/2022,73226.05192,73398.75488,72103.48273,72276.18568,,,2246400
7/1/2022,72447.46972,72702.26738,72192.67205,72362.53716,,,2593984
6/1/2022,73126.93016,73126.93016,72447.46972,72532.40227,,,2991600
5/1/2022,73721.45805,73891.32316,73041.9976,73211.86271,,,3272000
4/1/2022,74061.18827,74231.05338,73636.52549,73636.52549,,,1994600
31/12/2021,72617.33483,74315.98593,72447.46972,73381.72782,,,2468500
30/12/2021,72447.46972,72702.26738,72277.60461,72447.46972,,,1040500
29/12/2021,72617.33483,72702.26738,72277.60461,72362.53716,,,965400
28/12/2021,73211.86271,73211.86271,72362.53716,72617.33483,,,1937800
27/12/2021,73041.9976,73381.72782,72787.19994,73126.93016,,,1285700
24/12/2021,71937.87438,73041.9976,71937.87438,73041.9976,,,1428400
23/12/2021,72532.40227,72532.40227,71768.00927,71937.87438,,,2618900
22/12/2021,72787.19994,73211.86271,72447.46972,72532.40227,,,1991800
21/12/2021,72872.13249,73041.9976,72617.33483,72617.33483,,,1831900
20/12/2021,73041.9976,73296.79527,72702.26738,72787.19994,,,2194400
17/12/2021,73551.59294,73636.52549,72787.19994,72787.19994,,,2949600
16/12/2021,73296.79527,73551.59294,73041.9976,73551.59294,,,1610300
15/12/2021,73381.72782,73636.52549,73296.79527,73296.79527,,,1602500
14/12/2021,73381.72782,73806.3906,73211.86271,73296.79527,,,2175600
13/12/2021,73296.79527,73721.45805,73041.9976,73381.72782,,,1832316
10/12/2021,73466.66038,73891.32316,72872.13249,73296.79527,,,1730000
9/12/2021,72957.06505,73976.25571,72787.19994,73891.32316,,,2126800
8/12/2021,73296.79527,73466.66038,72787.19994,73041.9976,,,2106023
7/12/2021,72872.13249,73466.66038,72532.40227,73466.66038,,,1932000
6/12/2021,73041.9976,73551.59294,72447.46972,72447.46972,,,3168200
3/12/2021,74400.91849,74740.64871,72872.13249,72872.13249,,,3584600
2/12/2021,74315.98593,74740.64871,74231.05338,74231.05338,,,1820400
1/12/2021,74740.64871,75250.24404,74231.05338,74315.98593,,,2786600
30/11/2021,74400.91849,75420.10915,74400.91849,74400.91849,,,3443400
29/11/2021,74570.7836,74655.71616,74061.18827,74315.98593,,,2855900
26/11/2021,74400.91849,75420.10915,74315.98593,74995.44638,,,3015700
25/11/2021,74315.98593,74910.51382,74061.18827,74315.98593,,,2345400
24/11/2021,73466.66038,74315.98593,73466.66038,74315.98593,,,2124500
23/11/2021,73466.66038,73636.52549,73041.9976,73296.79527,,,2439371
22/11/2021,73041.9976,73466.66038,72957.06505,73211.86271,,,3495500
19/11/2021,74740.64871,75080.37893,73041.9976,73126.93016,,,5151200
18/11/2021,75420.10915,75420.10915,74740.64871,74740.64871,,,3900000
17/11/2021,75250.24404,76099.5696,75250.24404,75420.10915,,,3074400
16/11/2021,75589.97426,75844.77193,75165.31149,75250.24404,,,3251700
15/11/2021,76014.63704,76099.5696,75589.97426,75589.97426,,,3268000
12/11/2021,76439.29982,76524.23237,75674.90682,75844.77193,,,2119600
11/11/2021,76269.43471,76779.03004,75844.77193,76099.5696,,,3460600
10/11/2021,76439.29982,76524.23237,75844.77193,76184.50215,,,2666100
9/11/2021,77288.62537,77373.55793,76184.50215,76269.43471,,,3744600
8/11/2021,76184.50215,77373.55793,76099.5696,77118.76026,,,6365200
5/11/2021,75250.24404,75929.70449,75165.31149,75759.83937,,,3448400
4/11/2021,75080.37893,75335.1766,74825.58127,75080.37893,,,2513000
3/11/2021,75674.90682,76014.63704,74910.51382,74910.51382,,,6312000
2/11/2021,76439.29982,76439.29982,75589.97426,75759.83937,,,4888900
1/11/2021,77118.76026,77543.42304,76269.43471,76439.29982,,,5083800
29/10/2021,76948.89515,77288.62537,76694.09748,77033.8277,,,4603700
28/10/2021,76863.96259,77713.28815,76863.96259,76948.89515,,,4966000
27/10/2021,76439.29982,76948.89515,76184.50215,76779.03004,,,3726500
26/10/2021,76439.29982,76609.16493,75929.70449,76099.5696,,,1641200
25/10/2021,76863.96259,76948.89515,76354.36726,76524.23237,,,3874500
22/10/2021,76014.63704,76863.96259,75759.83937,76863.96259,,,4510000
21/10/2021,76439.29982,76524.23237,75674.90682,75674.90682,,,4036500
20/10/2021,76779.03004,76948.89515,75589.97426,76439.29982,,,5975224
19/10/2021,76269.43471,76863.96259,76269.43471,76694.09748,,,7011854
18/10/2021,76439.29982,76524.23237,75759.83937,76269.43471,,,3173092
15/10/2021,76439.29982,77033.8277,76099.5696,76439.29982,,,3828200
14/10/2021,76609.16493,76863.96259,76099.5696,76439.29982,,,2351000
13/10/2021,77288.62537,77543.42304,76439.29982,76524.23237,,,3859700
12/10/2021,76779.03004,77543.42304,76524.23237,76779.03004,,,3784200
11/10/2021,76439.29982,76779.03004,76014.63704,76439.29982,,,2629400
8/10/2021,75505.04171,76439.29982,75335.1766,76099.5696,,,2641000
7/10/2021,75844.77193,75929.70449,75420.10915,75420.10915,,,3126400
6/10/2021,76099.5696,76524.23237,75759.83937,75844.77193,,,2808500
5/10/2021,76694.09748,76694.09748,76099.5696,76099.5696,,,2268000
4/10/2021,76863.96259,77373.55793,76524.23237,76609.16493,,,3060200
1/10/2021,75844.77193,76779.03004,75674.90682,76269.43471,,,5855255
30/09/2021,76354.36726,77033.8277,76099.5696,76099.5696,,,4183200
29/09/2021,75844.77193,76524.23237,75335.1766,76099.5696,,,2763400
28/09/2021,75420.10915,76354.36726,74740.64871,75844.77193,,,3839280
27/09/2021,76948.89515,77628.35559,75420.10915,75420.10915,,,5053900
24/09/2021,77288.62537,77628.35559,76863.96259,77033.8277,,,2990000
23/09/2021,77713.28815,78477.68115,76779.03004,77118.76026,,,5097500
22/09/2021,75165.31149,77883.15326,75165.31149,77713.28815,,,10310100
21/09/2021,74740.64871,75505.04171,74485.85104,75420.10915,,,3096300
20/09/2021,74400.91849,75674.90682,74146.12082,75335.1766,,,5787700
17/09/2021,73381.72782,75080.37893,73296.79527,73466.66038,,,5292600
16/09/2021,73466.66038,73466.66038,72957.06505,73381.72782,,,3968400
15/09/2021,73721.45805,73721.45805,73126.93016,73126.93016,,,3424700
14/09/2021,74061.18827,74146.12082,73551.59294,73891.32316,,,3007900
13/09/2021,73466.66038,74231.05338,73296.79527,74061.18827,,,2956200
10/9/2021,72362.53716,73891.32316,72192.67205,73466.66038,,,6288900
9/9/2021,72532.40227,72617.33483,72192.67205,72362.53716,,,2452400
8/9/2021,73296.79527,73296.79527,72447.46972,72532.40227,,,4068200
7/9/2021,74570.7836,74570.7836,73296.79527,73296.79527,,,2808200
6/9/2021,73721.45805,74138.90685,73637.96829,73721.45805,,,3512200
1/9/2021,72970.05021,74138.90685,72803.07069,73554.47853,,,3530100
31/08/2021,73053.53997,73137.02973,72719.58093,72970.05021,,,3857200
30/08/2021,72719.58093,73137.02973,72636.09117,72970.05021,,,4680364
27/08/2021,72970.05021,73053.53997,72385.62189,72636.09117,,,4096900
26/08/2021,72552.60141,73220.51949,72385.62189,72636.09117,,,1976000
25/08/2021,72135.15261,72719.58093,71801.19357,72552.60141,,,1982500
24/08/2021,71884.68333,72636.09117,71550.72429,72051.66285,,,4125700
23/08/2021,73220.51949,73304.00925,71801.19357,71801.19357,,,4416500
20/08/2021,75391.25324,75391.25324,72636.09117,73304.00925,,,4326800
19/08/2021,75558.23276,75558.23276,74973.80444,75391.25324,,,3256300
18/08/2021,74723.33517,75892.1918,74639.84541,75140.78396,,,4710100
17/08/2021,74806.82493,75224.27372,74389.37613,74556.35565,,,2612200
16/08/2021,75057.2942,75641.72252,74305.88637,74723.33517,,,3380800
13/08/2021,75474.743,75558.23276,74472.86589,75057.2942,,,4105500
12/8/2021,75808.70204,76393.13036,75391.25324,75558.23276,,,4581540
11/8/2021,75057.2942,76309.6406,74973.80444,75892.1918,,,5440400
10/8/2021,73470.98877,75140.78396,73470.98877,74639.84541,,,6223200
9/8/2021,72803.07069,73387.49901,72636.09117,73220.51949,,,3850700
6/8/2021,72552.60141,73804.94781,72302.13213,72803.07069,,,4260600
5/8/2021,72552.60141,72719.58093,72302.13213,72302.13213,,,3896800
4/8/2021,73053.53997,73053.53997,72636.09117,72719.58093,,,3086500
3/8/2021,72302.13213,73053.53997,72302.13213,72719.58093,,,3014600
2/8/2021,71968.17309,72552.60141,71801.19357,72218.64237,,,2794300
30/07/2021,72469.11165,72803.07069,71717.70381,71884.68333,,,4405200
29/07/2021,72636.09117,73220.51949,71801.19357,72469.11165,,,2648300
28/07/2021,72719.58093,72970.05021,72302.13213,72552.60141,,,1775500
27/07/2021,74222.39661,74723.33517,73053.53997,73053.53997,,,2388200
26/07/2021,73470.98877,74472.86589,73387.49901,74222.39661,,,2791500
23/07/2021,72469.11165,74973.80444,71884.68333,73137.02973,,,4558600
22/07/2021,71383.74477,72719.58093,71216.76525,72469.11165,,,2152400
21/07/2021,71300.25501,71717.70381,71133.27549,71216.76525,,,1996200
20/07/2021,70966.29597,71801.19357,70381.86765,71717.70381,,,3352000
19/07/2021,70465.35741,70966.29597,70131.39837,70966.29597,,,4111700
16/07/2021,71383.74477,71968.17309,71216.76525,71717.70381,,,1449600
15/07/2021,70966.29597,72051.66285,70548.84717,71133.27549,,,3394100
14/07/2021,70966.29597,71550.72429,70381.86765,70966.29597,,,4410200
13/07/2021,71884.68333,72218.64237,70298.37789,70381.86765,,,2883300
12/7/2021,73053.53997,73470.98877,70381.86765,72051.66285,,,4833100
9/7/2021,73721.45805,73804.94781,72552.60141,72636.09117,,,3224100
8/7/2021,73637.96829,74639.84541,73470.98877,73804.94781,,,1908900
7/7/2021,72636.09117,74973.80444,72302.13213,74973.80444,,,4738700
6/7/2021,74639.84541,74973.80444,72636.09117,72636.09117,,,4816900
5/7/2021,75224.27372,75474.743,73971.92733,74472.86589,,,2988000
2/7/2021,75975.68156,75975.68156,75224.27372,75224.27372,,,2750900
1/7/2021,75641.72252,76226.15084,75474.743,75892.1918,,,3841500
30/06/2021,75975.68156,76059.17132,75307.76348,75474.743,,,2465780
29/06/2021,74973.80444,76560.10988,74305.88637,75975.68156,,,4368100
28/06/2021,75140.78396,75307.76348,74305.88637,74472.86589,,,1937900
25/06/2021,74055.41709,75057.2942,74055.41709,74890.31469,,,2136300
24/06/2021,75057.2942,75307.76348,73721.45805,74055.41709,,,4245024
23/06/2021,75641.72252,75808.70204,74890.31469,75140.78396,,,3480300
22/06/2021,75975.68156,76393.13036,75641.72252,75641.72252,,,2998300
21/06/2021,76810.57916,76894.06892,75641.72252,75641.72252,,,4313600
18/06/2021,76309.6406,77395.00748,76309.6406,76894.06892,,,5024894
17/06/2021,75975.68156,76977.55868,75808.70204,75975.68156,,,4261700
16/06/2021,77395.00748,77645.47676,76226.15084,76643.59964,,,3541200
15/06/2021,77311.51772,77812.45628,76894.06892,77561.987,,,4711500
14/06/2021,77228.02796,78062.92556,76393.13036,77228.02796,,,5084100
11/6/2021,76977.55868,77228.02796,76142.66108,76810.57916,,,2992800
10/6/2021,74639.84541,78146.41532,73971.92733,76977.55868,,,6119300
9/6/2021,74973.80444,75224.27372,74138.90685,74389.37613,,,4200600
8/6/2021,74723.33517,76226.15084,74639.84541,74890.31469,,,5836400
7/6/2021,74723.33517,74806.82493,73470.98877,74639.84541,,,3736600
4/6/2021,74464.65684,75041.90224,73475.09329,73804.94781,,,4704600
3/6/2021,74217.26595,74876.97498,74052.33869,74382.19321,,,3629000
2/6/2021,73887.41144,73887.41144,73392.62966,73722.48418,,,3672400
1/6/2021,74629.58409,74794.51135,74134.80232,74134.80232,,,2339900
31/05/2021,75701.61127,75866.53853,74382.19321,74629.58409,,,3355991
28/05/2021,75041.90224,75619.14764,74547.12047,75124.36587,,,3122200
27/05/2021,75371.75675,75536.68401,74217.26595,74629.58409,,,3492100
26/05/2021,74217.26595,75784.0749,73640.02055,75041.90224,,,3933300
25/05/2021,75206.8295,75206.8295,74217.26595,74629.58409,,,2993000
24/05/2021,74217.26595,75784.0749,73804.94781,75206.8295,,,4349800
21/05/2021,72485.52975,74876.97498,71825.82071,73557.55692,,,5267800
20/05/2021,72485.52975,72650.457,71743.35709,72567.99337,,,2844700
19/05/2021,72403.06612,73392.62966,71825.82071,72155.67523,,,4026307
18/05/2021,72155.67523,72567.99337,71578.42983,71743.35709,,,2970100
17/05/2021,73804.94781,74217.26595,71908.28434,71908.28434,,,5001300
14/05/2021,75124.36587,75206.8295,73804.94781,73804.94781,,,4650800
13/05/2021,75041.90224,75619.14764,74629.58409,74629.58409,,,3118400
12/5/2021,74299.72958,76031.46579,74217.26595,75701.61127,,,3199300
11/5/2021,77103.49296,77928.12925,75206.8295,75206.8295,,,4282000
10/5/2021,71743.35709,76691.17482,71001.18443,76691.17482,,,8426900
7/5/2021,73392.62966,73557.55692,71578.42983,71743.35709,,,7343000
6/5/2021,75866.53853,75866.53853,73887.41144,73887.41144,,,7844900
5/5/2021,75536.68401,76691.17482,75536.68401,75866.53853,,,4562900
4/5/2021,76691.17482,76691.17482,75454.22038,75536.68401,,,4182856
29/04/2021,77268.42022,77680.73836,75454.22038,77103.49296,,,6799700
28/04/2021,78917.69279,79000.15642,77103.49296,77268.42022,,,6099900
27/04/2021,79165.08368,79577.40182,78340.44739,78917.69279,,,5620300
26/04/2021,79989.71997,81638.99255,79165.08368,79165.08368,,,6277314
23/04/2021,80814.35626,82381.16521,79824.79271,82051.31069,,,4018900
22/04/2021,81886.38343,82051.31069,79989.71997,80814.35626,,,3567300
20/04/2021,79989.71997,83288.26512,79907.25634,81886.38343,,,7007238
19/04/2021,79907.25634,80402.03811,78422.91102,79247.54731,,,6512860
16/04/2021,81309.13803,81391.60166,79494.9382,79907.25634,,,4986400
15/04/2021,82133.77432,82875.94698,81556.52892,81721.45617,,,4099500
14/04/2021,82463.62883,82463.62883,81556.52892,81886.38343,,,4017400
13/04/2021,83123.33786,83865.51052,82216.23795,82463.62883,,,4546300
12/4/2021,82463.62883,82711.01972,82051.31069,82463.62883,,,3882400
9/4/2021,82381.16521,82463.62883,81803.9198,82298.70158,,,2736700
8/4/2021,82793.48335,82875.94698,81968.84706,82381.16521,,,3806200
7/4/2021,83288.26512,83288.26512,82463.62883,82546.09246,,,3644300
6/4/2021,84607.68318,84690.14681,83123.33786,83700.58327,,,3535900
5/4/2021,86174.49213,86174.49213,84277.82867,84607.68318,,,2822700
2/4/2021,84525.21955,85762.17399,84195.36504,84690.14681,,,3840000
1/4/2021,81226.6744,83288.26512,80814.35626,83288.26512,,,6239900
31/03/2021,81721.45617,81721.45617,80814.35626,81144.21077,,,2870400
30/03/2021,82133.77432,82546.09246,81309.13803,81803.9198,,,4425400
29/03/2021,80896.81989,82381.16521,80649.429,81638.99255,,,2995300
26/03/2021,80814.35626,81226.6744,79659.86545,80319.57448,,,3920000
25/03/2021,81638.99255,82216.23795,81061.74714,81226.6744,,,3256800
24/03/2021,82133.77432,82463.62883,81226.6744,81391.60166,,,3285809
23/03/2021,82958.41061,83040.87424,82216.23795,82628.55609,,,4554300
22/03/2021,83865.51052,83947.97415,82958.41061,83123.33786,,,3516331
19/03/2021,84277.82867,84277.82867,83618.11964,83865.51052,,,3884100
18/03/2021,83288.26512,84525.21955,83288.26512,84525.21955,,,2608900
17/03/2021,83288.26512,83288.26512,82546.09246,82875.94698,,,3568400
16/03/2021,84277.82867,84360.2923,82546.09246,83288.26512,,,4314700
15/03/2021,84772.61044,84937.5377,84195.36504,84277.82867,,,2513500
